purchase_id,product_id,quantity,unit_cost,supplier_id,transaction_id,note,location_id
PUR00001,PRD0001,70,324,SUP001,PTRX00001,Online grocery dataset purchase row; last_order_date=6/29/2024,LOC001
PUR00002,PRD0002,2,1440,SUP002,PTRX00002,Online grocery dataset purchase row; last_order_date=5/29/2024,LOC002
PUR00003,PRD0003,83,432,SUP003,PTRX00003,Online grocery dataset purchase row; last_order_date=06-10-24,LOC003
PUR00004,PRD0004,62,108,SUP004,PTRX00004,Online grocery dataset purchase row; last_order_date=2/19/2025,LOC004
PUR00005,PRD0005,74,288,SUP005,PTRX00005,Online grocery dataset purchase row; last_order_date=10-11-24,LOC005
PUR00006,PRD0006,14,126,SUP006,PTRX00006,Online grocery dataset purchase row; last_order_date=5/26/2024,LOC001
PUR00007,PRD0007,16,180,SUP007,PTRX00007,Online grocery dataset purchase row; last_order_date=05-07-24,LOC002
PUR00008,PRD0008,17,180,SUP008,PTRX00008,Online grocery dataset purchase row; last_order_date=04-09-24,LOC003
PUR00009,PRD0009,11,216,SUP009,PTRX00009,Online grocery dataset purchase row; last_order_date=06-02-24,LOC004
PUR00010,PRD0010,15,72,SUP010,PTRX00010,Online grocery dataset purchase row; last_order_date=11/14/2024,LOC005
PUR00011,PRD0011,91,115,SUP011,PTRX00011,Online grocery dataset purchase row; last_order_date=5/24/2024,LOC001
PUR00012,PRD0012,6,144,SUP012,PTRX00012,Online grocery dataset purchase row; last_order_date=12-11-24,LOC002
PUR00013,PRD0013,31,216,SUP013,PTRX00013,Online grocery dataset purchase row; last_order_date=02-09-25,LOC003
PUR00014,PRD0014,76,288,SUP014,PTRX00014,Online grocery dataset purchase row; last_order_date=9/21/2024,LOC004
PUR00015,PRD0015,16,432,SUP015,PTRX00015,Online grocery dataset purchase row; last_order_date=6/30/2024,LOC005
PUR00016,PRD0016,15,504,SUP016,PTRX00016,Online grocery dataset purchase row; last_order_date=04-02-24,LOC001
PUR00017,PRD0017,88,108,SUP017,PTRX00017,Online grocery dataset purchase row; last_order_date=03-09-24,LOC002
PUR00018,PRD0018,26,576,SUP018,PTRX00018,Online grocery dataset purchase row; last_order_date=5/19/2024,LOC003
PUR00019,PRD0019,84,1440,SUP019,PTRX00019,Online grocery dataset purchase row; last_order_date=11-08-24,LOC004
PUR00020,PRD0020,82,144,SUP020,PTRX00020,Online grocery dataset purchase row; last_order_date=02-08-25,LOC005
PUR00021,PRD0021,99,180,SUP021,PTRX00021,Online grocery dataset purchase row; last_order_date=5/28/2024,LOC001
PUR00022,PRD0022,48,864,SUP022,PTRX00022,Online grocery dataset purchase row; last_order_date=10-01-24,LOC002
PUR00023,PRD0023,28,144,SUP023,PTRX00023,Online grocery dataset purchase row; last_order_date=2/14/2025,LOC003
PUR00024,PRD0024,55,72,SUP024,PTRX00024,Online grocery dataset purchase row; last_order_date=03-06-24,LOC004
PUR00025,PRD0025,85,864,SUP025,PTRX00025,Online grocery dataset purchase row; last_order_date=1/13/2025,LOC005
PUR00026,PRD0026,80,108,SUP026,PTRX00026,Online grocery dataset purchase row; last_order_date=2/22/2025,LOC001
PUR00027,PRD0027,81,57,SUP027,PTRX00027,Online grocery dataset purchase row; last_order_date=07-07-24,LOC002
PUR00028,PRD0028,39,432,SUP028,PTRX00028,Online grocery dataset purchase row; last_order_date=2/24/2025,LOC003
PUR00029,PRD0029,32,360,SUP029,PTRX00029,Online grocery dataset purchase row; last_order_date=8/21/2024,LOC004
PUR00030,PRD0030,5,324,SUP030,PTRX00030,Online grocery dataset purchase row; last_order_date=11/19/2024,LOC005
PUR00031,PRD0031,72,126,SUP031,PTRX00031,Online grocery dataset purchase row; last_order_date=3/28/2024,LOC001
PUR00032,PRD0032,22,252,SUP032,PTRX00032,Online grocery dataset purchase row; last_order_date=10/13/2024,LOC002
PUR00033,PRD0033,73,432,SUP033,PTRX00033,Online grocery dataset purchase row; last_order_date=6/28/2024,LOC003
PUR00034,PRD0034,75,2160,SUP034,PTRX00034,Online grocery dataset purchase row; last_order_date=8/19/2024,LOC004
PUR00035,PRD0035,73,648,SUP035,PTRX00035,Online grocery dataset purchase row; last_order_date=10/28/2024,LOC005
PUR00036,PRD0036,73,144,SUP036,PTRX00036,Online grocery dataset purchase row; last_order_date=7/23/2024,LOC001
PUR00037,PRD0037,100,324,SUP037,PTRX00037,Online grocery dataset purchase row; last_order_date=1/19/2025,LOC002
PUR00038,PRD0038,39,248,SUP038,PTRX00038,Online grocery dataset purchase row; last_order_date=1/25/2025,LOC003
PUR00039,PRD0039,26,180,SUP039,PTRX00039,Online grocery dataset purchase row; last_order_date=09-07-24,LOC004
PUR00040,PRD0040,85,216,SUP040,PTRX00040,Online grocery dataset purchase row; last_order_date=3/20/2024,LOC005
PUR00041,PRD0041,51,360,SUP041,PTRX00041,Online grocery dataset purchase row; last_order_date=2/24/2025,LOC001
PUR00042,PRD0042,48,165,SUP042,PTRX00042,Online grocery dataset purchase row; last_order_date=12/25/2024,LOC002
PUR00043,PRD0043,88,1080,SUP043,PTRX00043,Online grocery dataset purchase row; last_order_date=12-04-24,LOC003
PUR00044,PRD0044,70,216,SUP044,PTRX00044,Online grocery dataset purchase row; last_order_date=10/21/2024,LOC004
PUR00045,PRD0045,37,252,SUP045,PTRX00045,Online grocery dataset purchase row; last_order_date=06-12-24,LOC005
PUR00046,PRD0046,32,108,SUP046,PTRX00046,Online grocery dataset purchase row; last_order_date=05-01-24,LOC001
PUR00047,PRD0047,71,108,SUP047,PTRX00047,Online grocery dataset purchase row; last_order_date=11/22/2024,LOC002
PUR00048,PRD0048,61,432,SUP048,PTRX00048,Online grocery dataset purchase row; last_order_date=02-07-25,LOC003
PUR00049,PRD0049,13,360,SUP049,PTRX00049,Online grocery dataset purchase row; last_order_date=10/18/2024,LOC004
PUR00050,PRD0050,90,288,SUP050,PTRX00050,Online grocery dataset purchase row; last_order_date=11/28/2024,LOC005
PUR00051,PRD0051,78,324,SUP051,PTRX00051,Online grocery dataset purchase row; last_order_date=10-04-24,LOC001
PUR00052,PRD0052,71,216,SUP052,PTRX00052,Online grocery dataset purchase row; last_order_date=12/28/2024,LOC002
PUR00053,PRD0053,84,244,SUP053,PTRX00053,Online grocery dataset purchase row; last_order_date=10/17/2024,LOC003
PUR00054,PRD0054,84,180,SUP054,PTRX00054,Online grocery dataset purchase row; last_order_date=6/14/2024,LOC004
PUR00055,PRD0055,18,864,SUP055,PTRX00055,Online grocery dataset purchase row; last_order_date=02-12-25,LOC005
PUR00056,PRD0056,62,180,SUP056,PTRX00056,Online grocery dataset purchase row; last_order_date=7/21/2024,LOC001
PUR00057,PRD0057,6,324,SUP057,PTRX00057,Online grocery dataset purchase row; last_order_date=06-10-24,LOC002
PUR00058,PRD0058,61,208,SUP058,PTRX00058,Online grocery dataset purchase row; last_order_date=11/13/2024,LOC003
PUR00059,PRD0059,49,432,SUP059,PTRX00059,Online grocery dataset purchase row; last_order_date=04-05-24,LOC004
PUR00060,PRD0060,28,432,SUP060,PTRX00060,Online grocery dataset purchase row; last_order_date=8/20/2024,LOC005
PUR00061,PRD0061,98,108,SUP061,PTRX00061,Online grocery dataset purchase row; last_order_date=12-12-24,LOC001
PUR00062,PRD0062,76,360,SUP062,PTRX00062,Online grocery dataset purchase row; last_order_date=9/23/2024,LOC002
PUR00063,PRD0063,69,320,SUP063,PTRX00063,Online grocery dataset purchase row; last_order_date=11-12-24,LOC003
PUR00064,PRD0064,26,432,SUP064,PTRX00064,Online grocery dataset purchase row; last_order_date=1/23/2025,LOC004
PUR00065,PRD0065,88,432,SUP065,PTRX00065,Online grocery dataset purchase row; last_order_date=6/30/2024,LOC005
PUR00066,PRD0066,29,1080,SUP066,PTRX00066,Online grocery dataset purchase row; last_order_date=10/25/2024,LOC001
PUR00067,PRD0067,10,1800,SUP067,PTRX00067,Online grocery dataset purchase row; last_order_date=2/29/2024,LOC002
PUR00068,PRD0068,100,129,SUP068,PTRX00068,Online grocery dataset purchase row; last_order_date=1/16/2025,LOC003
PUR00069,PRD0069,75,504,SUP069,PTRX00069,Online grocery dataset purchase row; last_order_date=11/20/2024,LOC004
PUR00070,PRD0070,46,288,SUP070,PTRX00070,Online grocery dataset purchase row; last_order_date=1/15/2025,LOC005
PUR00071,PRD0071,5,216,SUP071,PTRX00071,Online grocery dataset purchase row; last_order_date=05-01-24,LOC001
PUR00072,PRD0072,96,864,SUP072,PTRX00072,Online grocery dataset purchase row; last_order_date=11/26/2024,LOC002
PUR00073,PRD0073,73,288,SUP073,PTRX00073,Online grocery dataset purchase row; last_order_date=3/16/2024,LOC003
PUR00074,PRD0074,72,320,SUP074,PTRX00074,Online grocery dataset purchase row; last_order_date=5/16/2024,LOC004
PUR00075,PRD0075,74,144,SUP075,PTRX00075,Online grocery dataset purchase row; last_order_date=02-03-25,LOC005
PUR00076,PRD0076,15,432,SUP076,PTRX00076,Online grocery dataset purchase row; last_order_date=03-08-24,LOC001
PUR00077,PRD0077,28,324,SUP077,PTRX00077,Online grocery dataset purchase row; last_order_date=9/18/2024,LOC002
PUR00078,PRD0078,74,324,SUP078,PTRX00078,Online grocery dataset purchase row; last_order_date=10/24/2024,LOC003
PUR00079,PRD0079,27,86,SUP079,PTRX00079,Online grocery dataset purchase row; last_order_date=7/29/2024,LOC004
PUR00080,PRD0080,15,180,SUP080,PTRX00080,Online grocery dataset purchase row; last_order_date=04-12-24,LOC005
PUR00081,PRD0081,61,432,SUP081,PTRX00081,Online grocery dataset purchase row; last_order_date=7/15/2024,LOC001
PUR00082,PRD0082,4,216,SUP082,PTRX00082,Online grocery dataset purchase row; last_order_date=1/27/2025,LOC002
PUR00083,PRD0083,80,180,SUP083,PTRX00083,Online grocery dataset purchase row; last_order_date=10/22/2024,LOC003
PUR00084,PRD0084,76,172,SUP084,PTRX00084,Online grocery dataset purchase row; last_order_date=9/13/2024,LOC004
PUR00085,PRD0085,48,432,SUP085,PTRX00085,Online grocery dataset purchase row; last_order_date=9/21/2024,LOC005
PUR00086,PRD0086,63,144,SUP086,PTRX00086,Online grocery dataset purchase row; last_order_date=9/20/2024,LOC001
PUR00087,PRD0087,65,108,SUP087,PTRX00087,Online grocery dataset purchase row; last_order_date=11-10-24,LOC002
PUR00088,PRD0088,50,129,SUP088,PTRX00088,Online grocery dataset purchase row; last_order_date=7/15/2024,LOC003
PUR00089,PRD0089,17,576,SUP089,PTRX00089,Online grocery dataset purchase row; last_order_date=11/13/2024,LOC004
PUR00090,PRD0090,13,288,SUP090,PTRX00090,Online grocery dataset purchase row; last_order_date=10-11-24,LOC005
PUR00091,PRD0091,96,720,SUP091,PTRX00091,Online grocery dataset purchase row; last_order_date=6/22/2024,LOC001
PUR00092,PRD0092,17,360,SUP092,PTRX00092,Online grocery dataset purchase row; last_order_date=2/17/2025,LOC002
PUR00093,PRD0093,2,648,SUP093,PTRX00093,Online grocery dataset purchase row; last_order_date=10-12-24,LOC003
PUR00094,PRD0094,80,129,SUP094,PTRX00094,Online grocery dataset purchase row; last_order_date=7/31/2024,LOC004
PUR00095,PRD0095,24,216,SUP095,PTRX00095,Online grocery dataset purchase row; last_order_date=10/13/2024,LOC005
PUR00096,PRD0096,89,504,SUP096,PTRX00096,Online grocery dataset purchase row; last_order_date=7/28/2024,LOC001
PUR00097,PRD0097,77,342,SUP097,PTRX00097,Online grocery dataset purchase row; last_order_date=8/24/2024,LOC002
PUR00098,PRD0098,53,144,SUP098,PTRX00098,Online grocery dataset purchase row; last_order_date=11/27/2024,LOC003
PUR00099,PRD0099,85,180,SUP099,PTRX00099,Online grocery dataset purchase row; last_order_date=9/14/2024,LOC004
PUR00100,PRD0100,23,230,SUP100,PTRX00100,Online grocery dataset purchase row; last_order_date=4/29/2024,LOC005
PUR00101,PRD0101,8,432,SUP101,PTRX00101,Online grocery dataset purchase row; last_order_date=1/18/2025,LOC001
PUR00102,PRD0102,18,108,SUP102,PTRX00102,Online grocery dataset purchase row; last_order_date=12/29/2024,LOC002
PUR00103,PRD0103,1,360,SUP103,PTRX00103,Online grocery dataset purchase row; last_order_date=2/26/2024,LOC003
PUR00104,PRD0104,40,288,SUP104,PTRX00104,Online grocery dataset purchase row; last_order_date=3/30/2024,LOC004
PUR00105,PRD0105,7,684,SUP105,PTRX00105,Online grocery dataset purchase row; last_order_date=5/15/2024,LOC005
PUR00106,PRD0106,94,180,SUP106,PTRX00106,Online grocery dataset purchase row; last_order_date=4/20/2024,LOC001
PUR00107,PRD0107,73,504,SUP107,PTRX00107,Online grocery dataset purchase row; last_order_date=06-05-24,LOC002
PUR00108,PRD0108,1,144,SUP108,PTRX00108,Online grocery dataset purchase row; last_order_date=10/14/2024,LOC003
PUR00109,PRD0109,53,288,SUP109,PTRX00109,Online grocery dataset purchase row; last_order_date=6/16/2024,LOC004
PUR00110,PRD0110,92,432,SUP110,PTRX00110,Online grocery dataset purchase row; last_order_date=9/26/2024,LOC005
PUR00111,PRD0111,6,1440,SUP111,PTRX00111,Online grocery dataset purchase row; last_order_date=06-06-24,LOC001
PUR00112,PRD0112,92,360,SUP112,PTRX00112,Online grocery dataset purchase row; last_order_date=6/14/2024,LOC002
PUR00113,PRD0113,87,576,SUP113,PTRX00113,Online grocery dataset purchase row; last_order_date=7/15/2024,LOC003
PUR00114,PRD0114,59,7086,SUP114,PTRX00114,Online grocery dataset purchase row; last_order_date=8/27/2024,LOC004
PUR00115,PRD0115,74,439,SUP115,PTRX00115,Online grocery dataset purchase row; last_order_date=1/17/2025,LOC005
PUR00116,PRD0116,2,432,SUP116,PTRX00116,Online grocery dataset purchase row; last_order_date=08-12-24,LOC001
PUR00117,PRD0117,69,252,SUP117,PTRX00117,Online grocery dataset purchase row; last_order_date=02-03-25,LOC002
PUR00118,PRD0118,73,288,SUP118,PTRX00118,Online grocery dataset purchase row; last_order_date=3/30/2024,LOC003
PUR00119,PRD0119,16,324,SUP119,PTRX00119,Online grocery dataset purchase row; last_order_date=09-06-24,LOC004
PUR00120,PRD0120,21,277,SUP120,PTRX00120,Online grocery dataset purchase row; last_order_date=1/27/2025,LOC005
PUR00121,PRD0121,14,309,SUP121,PTRX00121,Online grocery dataset purchase row; last_order_date=6/29/2024,LOC001
PUR00122,PRD0122,18,1512,SUP122,PTRX00122,Online grocery dataset purchase row; last_order_date=2/27/2024,LOC002
PUR00123,PRD0123,9,324,SUP123,PTRX00123,Online grocery dataset purchase row; last_order_date=2/26/2024,LOC003
PUR00124,PRD0124,86,288,SUP124,PTRX00124,Online grocery dataset purchase row; last_order_date=10-07-24,LOC004
PUR00125,PRD0125,85,324,SUP125,PTRX00125,Online grocery dataset purchase row; last_order_date=2/20/2025,LOC005
PUR00126,PRD0126,97,302,SUP126,PTRX00126,Online grocery dataset purchase row; last_order_date=01-06-25,LOC001
PUR00127,PRD0127,56,129,SUP127,PTRX00127,Online grocery dataset purchase row; last_order_date=06-01-24,LOC002
PUR00128,PRD0128,32,230,SUP128,PTRX00128,Online grocery dataset purchase row; last_order_date=06-08-24,LOC003
PUR00129,PRD0129,58,165,SUP129,PTRX00129,Online grocery dataset purchase row; last_order_date=10/21/2024,LOC004
PUR00130,PRD0130,39,720,SUP130,PTRX00130,Online grocery dataset purchase row; last_order_date=6/19/2024,LOC005
PUR00131,PRD0131,45,108,SUP131,PTRX00131,Online grocery dataset purchase row; last_order_date=12-11-24,LOC001
PUR00132,PRD0132,64,504,SUP132,PTRX00132,Online grocery dataset purchase row; last_order_date=03-11-24,LOC002
PUR00133,PRD0133,97,432,SUP133,PTRX00133,Online grocery dataset purchase row; last_order_date=1/17/2025,LOC003
PUR00134,PRD0134,98,216,SUP134,PTRX00134,Online grocery dataset purchase row; last_order_date=10/18/2024,LOC004
PUR00135,PRD0135,96,1296,SUP135,PTRX00135,Online grocery dataset purchase row; last_order_date=03-09-24,LOC005
PUR00136,PRD0136,76,180,SUP136,PTRX00136,Online grocery dataset purchase row; last_order_date=6/29/2024,LOC001
PUR00137,PRD0137,88,216,SUP137,PTRX00137,Online grocery dataset purchase row; last_order_date=2/13/2025,LOC002
PUR00138,PRD0138,48,432,SUP138,PTRX00138,Online grocery dataset purchase row; last_order_date=2/14/2025,LOC003
PUR00139,PRD0139,96,1296,SUP139,PTRX00139,Online grocery dataset purchase row; last_order_date=4/17/2024,LOC004
PUR00140,PRD0140,4,288,SUP140,PTRX00140,Online grocery dataset purchase row; last_order_date=9/29/2024,LOC005
PUR00141,PRD0141,52,144,SUP141,PTRX00141,Online grocery dataset purchase row; last_order_date=5/21/2024,LOC001
PUR00142,PRD0142,19,108,SUP142,PTRX00142,Online grocery dataset purchase row; last_order_date=07-10-24,LOC002
PUR00143,PRD0143,55,324,SUP143,PTRX00143,Online grocery dataset purchase row; last_order_date=7/27/2024,LOC003
PUR00144,PRD0144,88,324,SUP144,PTRX00144,Online grocery dataset purchase row; last_order_date=6/30/2024,LOC004
PUR00145,PRD0145,35,252,SUP145,PTRX00145,Online grocery dataset purchase row; last_order_date=5/22/2024,LOC005
PUR00146,PRD0146,19,576,SUP146,PTRX00146,Online grocery dataset purchase row; last_order_date=7/13/2024,LOC001
PUR00147,PRD0147,26,576,SUP147,PTRX00147,Online grocery dataset purchase row; last_order_date=02-12-25,LOC002
PUR00148,PRD0148,49,432,SUP148,PTRX00148,Online grocery dataset purchase row; last_order_date=03-02-24,LOC003
PUR00149,PRD0149,98,288,SUP149,PTRX00149,Online grocery dataset purchase row; last_order_date=6/29/2024,LOC004
PUR00150,PRD0150,54,216,SUP150,PTRX00150,Online grocery dataset purchase row; last_order_date=02-04-25,LOC005
PUR00151,PRD0151,37,180,SUP151,PTRX00151,Online grocery dataset purchase row; last_order_date=04-11-24,LOC001
PUR00152,PRD0152,29,583,SUP152,PTRX00152,Online grocery dataset purchase row; last_order_date=11/20/2024,LOC002
PUR00153,PRD0153,79,1296,SUP153,PTRX00153,Online grocery dataset purchase row; last_order_date=8/18/2024,LOC003
PUR00154,PRD0154,72,129,SUP154,PTRX00154,Online grocery dataset purchase row; last_order_date=10-07-24,LOC004
PUR00155,PRD0155,9,216,SUP155,PTRX00155,Online grocery dataset purchase row; last_order_date=5/16/2024,LOC005
PUR00156,PRD0156,20,504,SUP156,PTRX00156,Online grocery dataset purchase row; last_order_date=8/24/2024,LOC001
PUR00157,PRD0157,23,144,SUP157,PTRX00157,Online grocery dataset purchase row; last_order_date=5/25/2024,LOC002
PUR00158,PRD0158,93,288,SUP158,PTRX00158,Online grocery dataset purchase row; last_order_date=7/13/2024,LOC003
PUR00159,PRD0159,97,648,SUP159,PTRX00159,Online grocery dataset purchase row; last_order_date=5/31/2024,LOC004
PUR00160,PRD0160,27,360,SUP160,PTRX00160,Online grocery dataset purchase row; last_order_date=7/13/2024,LOC005
PUR00161,PRD0161,63,180,SUP161,PTRX00161,Online grocery dataset purchase row; last_order_date=04-11-24,LOC001
PUR00162,PRD0162,81,2232,SUP162,PTRX00162,Online grocery dataset purchase row; last_order_date=10-05-24,LOC002
PUR00163,PRD0163,56,468,SUP163,PTRX00163,Online grocery dataset purchase row; last_order_date=10/19/2024,LOC003
PUR00164,PRD0164,76,442,SUP164,PTRX00164,Online grocery dataset purchase row; last_order_date=12-06-24,LOC004
PUR00165,PRD0165,4,216,SUP165,PTRX00165,Online grocery dataset purchase row; last_order_date=7/26/2024,LOC005
PUR00166,PRD0166,85,360,SUP166,PTRX00166,Online grocery dataset purchase row; last_order_date=3/20/2024,LOC001
PUR00167,PRD0167,7,360,SUP167,PTRX00167,Online grocery dataset purchase row; last_order_date=12/31/2024,LOC002
PUR00168,PRD0168,58,129,SUP168,PTRX00168,Online grocery dataset purchase row; last_order_date=8/13/2024,LOC003
PUR00169,PRD0169,73,576,SUP169,PTRX00169,Online grocery dataset purchase row; last_order_date=8/23/2024,LOC004
PUR00170,PRD0170,62,345,SUP170,PTRX00170,Online grocery dataset purchase row; last_order_date=07-08-24,LOC005
PUR00171,PRD0171,76,180,SUP171,PTRX00171,Online grocery dataset purchase row; last_order_date=8/17/2024,LOC001
PUR00172,PRD0172,21,198,SUP172,PTRX00172,Online grocery dataset purchase row; last_order_date=5/20/2024,LOC002
PUR00173,PRD0173,97,720,SUP173,PTRX00173,Online grocery dataset purchase row; last_order_date=8/29/2024,LOC003
PUR00174,PRD0174,68,216,SUP174,PTRX00174,Online grocery dataset purchase row; last_order_date=01-10-25,LOC004
PUR00175,PRD0175,33,900,SUP175,PTRX00175,Online grocery dataset purchase row; last_order_date=12-09-24,LOC005
PUR00176,PRD0176,26,180,SUP176,PTRX00176,Online grocery dataset purchase row; last_order_date=6/15/2024,LOC001
PUR00177,PRD0177,22,360,SUP177,PTRX00177,Online grocery dataset purchase row; last_order_date=6/29/2024,LOC002
PUR00178,PRD0178,85,576,SUP178,PTRX00178,Online grocery dataset purchase row; last_order_date=07-03-24,LOC003
PUR00179,PRD0179,81,720,SUP179,PTRX00179,Online grocery dataset purchase row; last_order_date=03-10-24,LOC004
PUR00180,PRD0180,40,648,SUP180,PTRX00180,Online grocery dataset purchase row; last_order_date=4/28/2024,LOC005
PUR00181,PRD0181,23,720,SUP181,PTRX00181,Online grocery dataset purchase row; last_order_date=11/26/2024,LOC001
PUR00182,PRD0182,12,1512,SUP182,PTRX00182,Online grocery dataset purchase row; last_order_date=09-02-24,LOC002
PUR00183,PRD0183,99,864,SUP183,PTRX00183,Online grocery dataset purchase row; last_order_date=5/29/2024,LOC003
PUR00184,PRD0184,80,576,SUP184,PTRX00184,Online grocery dataset purchase row; last_order_date=03-12-24,LOC004
PUR00185,PRD0185,91,216,SUP185,PTRX00185,Online grocery dataset purchase row; last_order_date=7/26/2024,LOC005
PUR00186,PRD0186,77,324,SUP186,PTRX00186,Online grocery dataset purchase row; last_order_date=7/24/2024,LOC001
PUR00187,PRD0187,2,144,SUP187,PTRX00187,Online grocery dataset purchase row; last_order_date=4/13/2024,LOC002
PUR00188,PRD0188,21,324,SUP188,PTRX00188,Online grocery dataset purchase row; last_order_date=9/24/2024,LOC003
PUR00189,PRD0189,57,1800,SUP189,PTRX00189,Online grocery dataset purchase row; last_order_date=08-07-24,LOC004
PUR00190,PRD0190,82,180,SUP190,PTRX00190,Online grocery dataset purchase row; last_order_date=7/28/2024,LOC005
PUR00191,PRD0191,17,504,SUP191,PTRX00191,Online grocery dataset purchase row; last_order_date=10-01-24,LOC001
PUR00192,PRD0192,65,288,SUP192,PTRX00192,Online grocery dataset purchase row; last_order_date=1/16/2025,LOC002
PUR00193,PRD0193,13,504,SUP193,PTRX00193,Online grocery dataset purchase row; last_order_date=9/15/2024,LOC003
PUR00194,PRD0194,100,360,SUP194,PTRX00194,Online grocery dataset purchase row; last_order_date=9/16/2024,LOC004
PUR00195,PRD0195,1,432,SUP195,PTRX00195,Online grocery dataset purchase row; last_order_date=12/13/2024,LOC005
PUR00196,PRD0196,17,180,SUP196,PTRX00196,Online grocery dataset purchase row; last_order_date=10/28/2024,LOC001
PUR00197,PRD0197,6,342,SUP197,PTRX00197,Online grocery dataset purchase row; last_order_date=6/16/2024,LOC002
PUR00198,PRD0198,65,648,SUP198,PTRX00198,Online grocery dataset purchase row; last_order_date=6/22/2024,LOC003
PUR00199,PRD0199,97,432,SUP199,PTRX00199,Online grocery dataset purchase row; last_order_date=7/15/2024,LOC004
PUR00200,PRD0200,80,201,SUP200,PTRX00200,Online grocery dataset purchase row; last_order_date=1/23/2025,LOC005
PUR00201,PRD0201,32,144,SUP201,PTRX00201,Online grocery dataset purchase row; last_order_date=02-07-25,LOC001
PUR00202,PRD0202,56,432,SUP202,PTRX00202,Online grocery dataset purchase row; last_order_date=6/25/2024,LOC002
PUR00203,PRD0203,42,720,SUP203,PTRX00203,Online grocery dataset purchase row; last_order_date=2/21/2025,LOC003
PUR00204,PRD0204,46,252,SUP204,PTRX00204,Online grocery dataset purchase row; last_order_date=10-05-24,LOC004
PUR00205,PRD0205,65,126,SUP205,PTRX00205,Online grocery dataset purchase row; last_order_date=01-12-25,LOC005
PUR00206,PRD0206,55,432,SUP206,PTRX00206,Online grocery dataset purchase row; last_order_date=05-05-24,LOC001
PUR00207,PRD0207,95,432,SUP207,PTRX00207,Online grocery dataset purchase row; last_order_date=3/28/2024,LOC002
PUR00208,PRD0208,74,180,SUP208,PTRX00208,Online grocery dataset purchase row; last_order_date=2/19/2025,LOC003
PUR00209,PRD0209,11,3684,SUP209,PTRX00209,Online grocery dataset purchase row; last_order_date=4/16/2024,LOC004
PUR00210,PRD0210,7,288,SUP210,PTRX00210,Online grocery dataset purchase row; last_order_date=03-06-24,LOC005
PUR00211,PRD0211,91,1836,SUP211,PTRX00211,Online grocery dataset purchase row; last_order_date=7/17/2024,LOC001
PUR00212,PRD0212,37,306,SUP212,PTRX00212,Online grocery dataset purchase row; last_order_date=03-06-24,LOC002
PUR00213,PRD0213,7,424,SUP213,PTRX00213,Online grocery dataset purchase row; last_order_date=12-07-24,LOC003
PUR00214,PRD0214,30,468,SUP214,PTRX00214,Online grocery dataset purchase row; last_order_date=11/30/2024,LOC004
PUR00215,PRD0215,52,288,SUP215,PTRX00215,Online grocery dataset purchase row; last_order_date=12-08-24,LOC005
PUR00216,PRD0216,64,180,SUP216,PTRX00216,Online grocery dataset purchase row; last_order_date=09-03-24,LOC001
PUR00217,PRD0217,54,216,SUP217,PTRX00217,Online grocery dataset purchase row; last_order_date=09-07-24,LOC002
PUR00218,PRD0218,66,165,SUP218,PTRX00218,Online grocery dataset purchase row; last_order_date=10/13/2024,LOC003
PUR00219,PRD0219,91,144,SUP219,PTRX00219,Online grocery dataset purchase row; last_order_date=02-07-25,LOC004
PUR00220,PRD0220,92,165,SUP220,PTRX00220,Online grocery dataset purchase row; last_order_date=12/24/2024,LOC005
PUR00221,PRD0221,53,720,SUP221,PTRX00221,Online grocery dataset purchase row; last_order_date=07-05-24,LOC001
PUR00222,PRD0222,13,518,SUP222,PTRX00222,Online grocery dataset purchase row; last_order_date=03-10-24,LOC002
PUR00223,PRD0223,41,1296,SUP223,PTRX00223,Online grocery dataset purchase row; last_order_date=07-06-24,LOC003
PUR00224,PRD0224,43,1800,SUP224,PTRX00224,Online grocery dataset purchase row; last_order_date=2/27/2024,LOC004
PUR00225,PRD0225,76,1080,SUP225,PTRX00225,Online grocery dataset purchase row; last_order_date=1/19/2025,LOC005
PUR00226,PRD0226,68,108,SUP226,PTRX00226,Online grocery dataset purchase row; last_order_date=10-04-24,LOC001
PUR00227,PRD0227,7,504,SUP227,PTRX00227,Online grocery dataset purchase row; last_order_date=11/19/2024,LOC002
PUR00228,PRD0228,50,432,SUP228,PTRX00228,Online grocery dataset purchase row; last_order_date=5/17/2024,LOC003
PUR00229,PRD0229,96,288,SUP229,PTRX00229,Online grocery dataset purchase row; last_order_date=1/22/2025,LOC004
PUR00230,PRD0230,99,1440,SUP230,PTRX00230,Online grocery dataset purchase row; last_order_date=4/24/2024,LOC005
PUR00231,PRD0231,56,180,SUP231,PTRX00231,Online grocery dataset purchase row; last_order_date=4/27/2024,LOC001
PUR00232,PRD0232,89,1440,SUP232,PTRX00232,Online grocery dataset purchase row; last_order_date=3/21/2024,LOC002
PUR00233,PRD0233,98,288,SUP233,PTRX00233,Online grocery dataset purchase row; last_order_date=02-06-25,LOC003
PUR00234,PRD0234,28,288,SUP234,PTRX00234,Online grocery dataset purchase row; last_order_date=11/19/2024,LOC004
PUR00235,PRD0235,23,108,SUP235,PTRX00235,Online grocery dataset purchase row; last_order_date=2/28/2024,LOC005
PUR00236,PRD0236,1,2160,SUP236,PTRX00236,Online grocery dataset purchase row; last_order_date=8/26/2024,LOC001
PUR00237,PRD0237,54,720,SUP237,PTRX00237,Online grocery dataset purchase row; last_order_date=7/14/2024,LOC002
PUR00238,PRD0238,57,288,SUP238,PTRX00238,Online grocery dataset purchase row; last_order_date=04-09-24,LOC003
PUR00239,PRD0239,31,504,SUP239,PTRX00239,Online grocery dataset purchase row; last_order_date=06-03-24,LOC004
PUR00240,PRD0240,75,684,SUP240,PTRX00240,Online grocery dataset purchase row; last_order_date=9/30/2024,LOC005
PUR00241,PRD0241,48,360,SUP241,PTRX00241,Online grocery dataset purchase row; last_order_date=04-04-24,LOC001
PUR00242,PRD0242,93,648,SUP242,PTRX00242,Online grocery dataset purchase row; last_order_date=8/20/2024,LOC002
PUR00243,PRD0243,25,72,SUP243,PTRX00243,Online grocery dataset purchase row; last_order_date=2/21/2025,LOC003
PUR00244,PRD0244,21,288,SUP244,PTRX00244,Online grocery dataset purchase row; last_order_date=2/21/2025,LOC004
PUR00245,PRD0245,6,540,SUP245,PTRX00245,Online grocery dataset purchase row; last_order_date=12-02-24,LOC005
PUR00246,PRD0246,15,180,SUP246,PTRX00246,Online grocery dataset purchase row; last_order_date=02-03-25,LOC001
PUR00247,PRD0247,86,180,SUP247,PTRX00247,Online grocery dataset purchase row; last_order_date=11/16/2024,LOC002
PUR00248,PRD0248,17,331,SUP248,PTRX00248,Online grocery dataset purchase row; last_order_date=01-06-25,LOC003
PUR00249,PRD0249,99,684,SUP249,PTRX00249,Online grocery dataset purchase row; last_order_date=7/26/2024,LOC004
PUR00250,PRD0250,24,180,SUP250,PTRX00250,Online grocery dataset purchase row; last_order_date=6/29/2024,LOC005
PUR00251,PRD0251,73,223,SUP251,PTRX00251,Online grocery dataset purchase row; last_order_date=1/17/2025,LOC001
PUR00252,PRD0252,22,432,SUP252,PTRX00252,Online grocery dataset purchase row; last_order_date=8/15/2024,LOC002
PUR00253,PRD0253,25,360,SUP253,PTRX00253,Online grocery dataset purchase row; last_order_date=2/24/2025,LOC003
PUR00254,PRD0254,21,216,SUP254,PTRX00254,Online grocery dataset purchase row; last_order_date=6/30/2024,LOC004
PUR00255,PRD0255,41,108,SUP255,PTRX00255,Online grocery dataset purchase row; last_order_date=2/17/2025,LOC005
PUR00256,PRD0256,28,288,SUP256,PTRX00256,Online grocery dataset purchase row; last_order_date=1/16/2025,LOC001
PUR00257,PRD0257,77,324,SUP257,PTRX00257,Online grocery dataset purchase row; last_order_date=12/28/2024,LOC002
PUR00258,PRD0258,69,144,SUP258,PTRX00258,Online grocery dataset purchase row; last_order_date=06-04-24,LOC003
PUR00259,PRD0259,75,324,SUP259,PTRX00259,Online grocery dataset purchase row; last_order_date=4/24/2024,LOC004
PUR00260,PRD0260,84,504,SUP260,PTRX00260,Online grocery dataset purchase row; last_order_date=8/29/2024,LOC005
PUR00261,PRD0261,33,72,SUP261,PTRX00261,Online grocery dataset purchase row; last_order_date=02-03-25,LOC001
PUR00262,PRD0262,67,129,SUP262,PTRX00262,Online grocery dataset purchase row; last_order_date=4/13/2024,LOC002
PUR00263,PRD0263,92,108,SUP263,PTRX00263,Online grocery dataset purchase row; last_order_date=10/25/2024,LOC003
PUR00264,PRD0264,32,662,SUP264,PTRX00264,Online grocery dataset purchase row; last_order_date=5/28/2024,LOC004
PUR00265,PRD0265,50,108,SUP265,PTRX00265,Online grocery dataset purchase row; last_order_date=11/21/2024,LOC005
PUR00266,PRD0266,2,216,SUP266,PTRX00266,Online grocery dataset purchase row; last_order_date=4/28/2024,LOC001
PUR00267,PRD0267,25,1512,SUP267,PTRX00267,Online grocery dataset purchase row; last_order_date=11/27/2024,LOC002
PUR00268,PRD0268,41,396,SUP268,PTRX00268,Online grocery dataset purchase row; last_order_date=5/20/2024,LOC003
PUR00269,PRD0269,3,504,SUP269,PTRX00269,Online grocery dataset purchase row; last_order_date=12/18/2024,LOC004
PUR00270,PRD0270,32,432,SUP270,PTRX00270,Online grocery dataset purchase row; last_order_date=8/26/2024,LOC005
PUR00271,PRD0271,17,756,SUP271,PTRX00271,Online grocery dataset purchase row; last_order_date=12-06-24,LOC001
PUR00272,PRD0272,8,216,SUP272,PTRX00272,Online grocery dataset purchase row; last_order_date=3/31/2024,LOC002
PUR00273,PRD0273,41,180,SUP273,PTRX00273,Online grocery dataset purchase row; last_order_date=2/19/2025,LOC003
PUR00274,PRD0274,54,172,SUP274,PTRX00274,Online grocery dataset purchase row; last_order_date=09-09-24,LOC004
PUR00275,PRD0275,39,432,SUP275,PTRX00275,Online grocery dataset purchase row; last_order_date=11-07-24,LOC005
PUR00276,PRD0276,84,129,SUP276,PTRX00276,Online grocery dataset purchase row; last_order_date=7/28/2024,LOC001
PUR00277,PRD0277,15,129,SUP277,PTRX00277,Online grocery dataset purchase row; last_order_date=5/25/2024,LOC002
PUR00278,PRD0278,51,576,SUP278,PTRX00278,Online grocery dataset purchase row; last_order_date=5/15/2024,LOC003
PUR00279,PRD0279,78,1440,SUP279,PTRX00279,Online grocery dataset purchase row; last_order_date=7/16/2024,LOC004
PUR00280,PRD0280,17,828,SUP280,PTRX00280,Online grocery dataset purchase row; last_order_date=06-08-24,LOC005
PUR00281,PRD0281,21,144,SUP281,PTRX00281,Online grocery dataset purchase row; last_order_date=09-10-24,LOC001
PUR00282,PRD0282,50,288,SUP282,PTRX00282,Online grocery dataset purchase row; last_order_date=4/15/2024,LOC002
PUR00283,PRD0283,65,288,SUP283,PTRX00283,Online grocery dataset purchase row; last_order_date=3/17/2024,LOC003
PUR00284,PRD0284,71,360,SUP284,PTRX00284,Online grocery dataset purchase row; last_order_date=5/16/2024,LOC004
PUR00285,PRD0285,23,504,SUP285,PTRX00285,Online grocery dataset purchase row; last_order_date=8/17/2024,LOC005
PUR00286,PRD0286,77,144,SUP286,PTRX00286,Online grocery dataset purchase row; last_order_date=08-10-24,LOC001
PUR00287,PRD0287,61,547,SUP287,PTRX00287,Online grocery dataset purchase row; last_order_date=6/18/2024,LOC002
PUR00288,PRD0288,72,288,SUP288,PTRX00288,Online grocery dataset purchase row; last_order_date=9/25/2024,LOC003
PUR00289,PRD0289,100,324,SUP289,PTRX00289,Online grocery dataset purchase row; last_order_date=9/15/2024,LOC004
PUR00290,PRD0290,22,720,SUP290,PTRX00290,Online grocery dataset purchase row; last_order_date=02-11-25,LOC005
PUR00291,PRD0291,25,720,SUP291,PTRX00291,Online grocery dataset purchase row; last_order_date=09-04-24,LOC001
PUR00292,PRD0292,62,280,SUP292,PTRX00292,Online grocery dataset purchase row; last_order_date=01-10-25,LOC002
PUR00293,PRD0293,63,126,SUP293,PTRX00293,Online grocery dataset purchase row; last_order_date=6/27/2024,LOC003
PUR00294,PRD0294,65,144,SUP294,PTRX00294,Online grocery dataset purchase row; last_order_date=10-04-24,LOC004
PUR00295,PRD0295,27,1296,SUP295,PTRX00295,Online grocery dataset purchase row; last_order_date=10-05-24,LOC005
PUR00296,PRD0296,20,720,SUP296,PTRX00296,Online grocery dataset purchase row; last_order_date=2/23/2025,LOC001
PUR00297,PRD0297,45,252,SUP297,PTRX00297,Online grocery dataset purchase row; last_order_date=1/27/2025,LOC002
PUR00298,PRD0298,37,216,SUP298,PTRX00298,Online grocery dataset purchase row; last_order_date=10/24/2024,LOC003
PUR00299,PRD0299,37,180,SUP299,PTRX00299,Online grocery dataset purchase row; last_order_date=07-10-24,LOC004
PUR00300,PRD0300,90,216,SUP300,PTRX00300,Online grocery dataset purchase row; last_order_date=6/19/2024,LOC005
PUR00301,PRD0301,54,648,SUP301,PTRX00301,Online grocery dataset purchase row; last_order_date=4/23/2024,LOC001
PUR00302,PRD0302,44,720,SUP302,PTRX00302,Online grocery dataset purchase row; last_order_date=11/18/2024,LOC002
PUR00303,PRD0303,89,432,SUP303,PTRX00303,Online grocery dataset purchase row; last_order_date=6/20/2024,LOC003
PUR00304,PRD0304,53,432,SUP304,PTRX00304,Online grocery dataset purchase row; last_order_date=10-03-24,LOC004
PUR00305,PRD0305,21,360,SUP305,PTRX00305,Online grocery dataset purchase row; last_order_date=7/28/2024,LOC005
PUR00306,PRD0306,58,180,SUP306,PTRX00306,Online grocery dataset purchase row; last_order_date=01-10-25,LOC001
PUR00307,PRD0307,43,648,SUP307,PTRX00307,Online grocery dataset purchase row; last_order_date=01-06-25,LOC002
PUR00308,PRD0308,26,72,SUP308,PTRX00308,Online grocery dataset purchase row; last_order_date=02-07-25,LOC003
PUR00309,PRD0309,93,864,SUP309,PTRX00309,Online grocery dataset purchase row; last_order_date=07-12-24,LOC004
PUR00310,PRD0310,94,216,SUP310,PTRX00310,Online grocery dataset purchase row; last_order_date=04-10-24,LOC005
PUR00311,PRD0311,85,396,SUP311,PTRX00311,Online grocery dataset purchase row; last_order_date=3/19/2024,LOC001
PUR00312,PRD0312,86,108,SUP312,PTRX00312,Online grocery dataset purchase row; last_order_date=12-07-24,LOC002
PUR00313,PRD0313,26,1440,SUP313,PTRX00313,Online grocery dataset purchase row; last_order_date=10-10-24,LOC003
PUR00314,PRD0314,62,324,SUP314,PTRX00314,Online grocery dataset purchase row; last_order_date=1/16/2025,LOC004
PUR00315,PRD0315,75,468,SUP315,PTRX00315,Online grocery dataset purchase row; last_order_date=04-03-24,LOC005
PUR00316,PRD0316,67,432,SUP316,PTRX00316,Online grocery dataset purchase row; last_order_date=5/24/2024,LOC001
PUR00317,PRD0317,10,504,SUP317,PTRX00317,Online grocery dataset purchase row; last_order_date=11-10-24,LOC002
PUR00318,PRD0318,87,396,SUP318,PTRX00318,Online grocery dataset purchase row; last_order_date=6/15/2024,LOC003
PUR00319,PRD0319,98,504,SUP319,PTRX00319,Online grocery dataset purchase row; last_order_date=08-11-24,LOC004
PUR00320,PRD0320,31,648,SUP320,PTRX00320,Online grocery dataset purchase row; last_order_date=06-03-24,LOC005
PUR00321,PRD0321,80,176,SUP321,PTRX00321,Online grocery dataset purchase row; last_order_date=11/17/2024,LOC001
PUR00322,PRD0322,22,288,SUP322,PTRX00322,Online grocery dataset purchase row; last_order_date=2/18/2025,LOC002
PUR00323,PRD0323,34,180,SUP323,PTRX00323,Online grocery dataset purchase row; last_order_date=11/18/2024,LOC003
PUR00324,PRD0324,63,1440,SUP324,PTRX00324,Online grocery dataset purchase row; last_order_date=2/18/2025,LOC004
PUR00325,PRD0325,92,396,SUP325,PTRX00325,Online grocery dataset purchase row; last_order_date=4/30/2024,LOC005
PUR00326,PRD0326,91,3875,SUP326,PTRX00326,Online grocery dataset purchase row; last_order_date=4/24/2024,LOC001
PUR00327,PRD0327,76,288,SUP327,PTRX00327,Online grocery dataset purchase row; last_order_date=1/14/2025,LOC002
PUR00328,PRD0328,5,144,SUP328,PTRX00328,Online grocery dataset purchase row; last_order_date=2/18/2025,LOC003
PUR00329,PRD0329,45,576,SUP329,PTRX00329,Online grocery dataset purchase row; last_order_date=10/18/2024,LOC004
PUR00330,PRD0330,93,144,SUP330,PTRX00330,Online grocery dataset purchase row; last_order_date=03-03-24,LOC005
PUR00331,PRD0331,15,180,SUP331,PTRX00331,Online grocery dataset purchase row; last_order_date=03-10-24,LOC001
PUR00332,PRD0332,58,108,SUP332,PTRX00332,Online grocery dataset purchase row; last_order_date=4/29/2024,LOC002
PUR00333,PRD0333,49,108,SUP333,PTRX00333,Online grocery dataset purchase row; last_order_date=3/16/2024,LOC003
PUR00334,PRD0334,50,115,SUP334,PTRX00334,Online grocery dataset purchase row; last_order_date=12-07-24,LOC004
PUR00335,PRD0335,54,288,SUP335,PTRX00335,Online grocery dataset purchase row; last_order_date=11/30/2024,LOC005
PUR00336,PRD0336,37,432,SUP336,PTRX00336,Online grocery dataset purchase row; last_order_date=8/15/2024,LOC001
PUR00337,PRD0337,29,180,SUP337,PTRX00337,Online grocery dataset purchase row; last_order_date=7/17/2024,LOC002
PUR00338,PRD0338,76,439,SUP338,PTRX00338,Online grocery dataset purchase row; last_order_date=02-09-25,LOC003
PUR00339,PRD0339,87,180,SUP339,PTRX00339,Online grocery dataset purchase row; last_order_date=04-04-24,LOC004
PUR00340,PRD0340,80,828,SUP340,PTRX00340,Online grocery dataset purchase row; last_order_date=10/14/2024,LOC005
PUR00341,PRD0341,28,338,SUP341,PTRX00341,Online grocery dataset purchase row; last_order_date=08-05-24,LOC001
PUR00342,PRD0342,70,1440,SUP342,PTRX00342,Online grocery dataset purchase row; last_order_date=12-07-24,LOC002
PUR00343,PRD0343,63,216,SUP343,PTRX00343,Online grocery dataset purchase row; last_order_date=5/16/2024,LOC003
PUR00344,PRD0344,14,288,SUP344,PTRX00344,Online grocery dataset purchase row; last_order_date=09-07-24,LOC004
PUR00345,PRD0345,21,640,SUP345,PTRX00345,Online grocery dataset purchase row; last_order_date=10-02-24,LOC005
PUR00346,PRD0346,83,180,SUP346,PTRX00346,Online grocery dataset purchase row; last_order_date=7/21/2024,LOC001
PUR00347,PRD0347,72,576,SUP347,PTRX00347,Online grocery dataset purchase row; last_order_date=12-08-24,LOC002
PUR00348,PRD0348,72,216,SUP348,PTRX00348,Online grocery dataset purchase row; last_order_date=02-06-25,LOC003
PUR00349,PRD0349,19,180,SUP349,PTRX00349,Online grocery dataset purchase row; last_order_date=12/13/2024,LOC004
PUR00350,PRD0350,66,1800,SUP350,PTRX00350,Online grocery dataset purchase row; last_order_date=2/13/2025,LOC005
PUR00351,PRD0351,12,360,SUP351,PTRX00351,Online grocery dataset purchase row; last_order_date=1/20/2025,LOC001
PUR00352,PRD0352,3,252,SUP352,PTRX00352,Online grocery dataset purchase row; last_order_date=1/18/2025,LOC002
PUR00353,PRD0353,40,324,SUP353,PTRX00353,Online grocery dataset purchase row; last_order_date=6/14/2024,LOC003
PUR00354,PRD0354,27,324,SUP354,PTRX00354,Online grocery dataset purchase row; last_order_date=06-09-24,LOC004
PUR00355,PRD0355,23,396,SUP355,PTRX00355,Online grocery dataset purchase row; last_order_date=7/31/2024,LOC005
PUR00356,PRD0356,22,205,SUP356,PTRX00356,Online grocery dataset purchase row; last_order_date=5/14/2024,LOC001
PUR00357,PRD0357,33,216,SUP357,PTRX00357,Online grocery dataset purchase row; last_order_date=9/14/2024,LOC002
PUR00358,PRD0358,91,136,SUP358,PTRX00358,Online grocery dataset purchase row; last_order_date=08-04-24,LOC003
PUR00359,PRD0359,85,288,SUP359,PTRX00359,Online grocery dataset purchase row; last_order_date=12-10-24,LOC004
PUR00360,PRD0360,82,468,SUP360,PTRX00360,Online grocery dataset purchase row; last_order_date=10/19/2024,LOC005
PUR00361,PRD0361,77,180,SUP361,PTRX00361,Online grocery dataset purchase row; last_order_date=05-12-24,LOC001
PUR00362,PRD0362,76,360,SUP362,PTRX00362,Online grocery dataset purchase row; last_order_date=9/26/2024,LOC002
PUR00363,PRD0363,73,360,SUP363,PTRX00363,Online grocery dataset purchase row; last_order_date=01-11-25,LOC003
PUR00364,PRD0364,64,720,SUP364,PTRX00364,Online grocery dataset purchase row; last_order_date=6/23/2024,LOC004
PUR00365,PRD0365,93,108,SUP365,PTRX00365,Online grocery dataset purchase row; last_order_date=02-11-25,LOC005
PUR00366,PRD0366,74,144,SUP366,PTRX00366,Online grocery dataset purchase row; last_order_date=08-03-24,LOC001
PUR00367,PRD0367,42,1080,SUP367,PTRX00367,Online grocery dataset purchase row; last_order_date=09-09-24,LOC002
PUR00368,PRD0368,69,86,SUP368,PTRX00368,Online grocery dataset purchase row; last_order_date=3/26/2024,LOC003
PUR00369,PRD0369,63,864,SUP369,PTRX00369,Online grocery dataset purchase row; last_order_date=02-02-25,LOC004
PUR00370,PRD0370,30,180,SUP370,PTRX00370,Online grocery dataset purchase row; last_order_date=2/29/2024,LOC005
PUR00371,PRD0371,60,176,SUP371,PTRX00371,Online grocery dataset purchase row; last_order_date=08-11-24,LOC001
PUR00372,PRD0372,94,288,SUP372,PTRX00372,Online grocery dataset purchase row; last_order_date=1/14/2025,LOC002
PUR00373,PRD0373,30,504,SUP373,PTRX00373,Online grocery dataset purchase row; last_order_date=10-02-24,LOC003
PUR00374,PRD0374,21,612,SUP374,PTRX00374,Online grocery dataset purchase row; last_order_date=9/30/2024,LOC004
PUR00375,PRD0375,99,576,SUP375,PTRX00375,Online grocery dataset purchase row; last_order_date=07-03-24,LOC005
PUR00376,PRD0376,88,576,SUP376,PTRX00376,Online grocery dataset purchase row; last_order_date=11/13/2024,LOC001
PUR00377,PRD0377,76,360,SUP377,PTRX00377,Online grocery dataset purchase row; last_order_date=11/30/2024,LOC002
PUR00378,PRD0378,47,720,SUP378,PTRX00378,Online grocery dataset purchase row; last_order_date=8/16/2024,LOC003
PUR00379,PRD0379,36,324,SUP379,PTRX00379,Online grocery dataset purchase row; last_order_date=01-06-25,LOC004
PUR00380,PRD0380,24,288,SUP380,PTRX00380,Online grocery dataset purchase row; last_order_date=09-02-24,LOC005
PUR00381,PRD0381,41,126,SUP381,PTRX00381,Online grocery dataset purchase row; last_order_date=5/23/2024,LOC001
PUR00382,PRD0382,80,504,SUP382,PTRX00382,Online grocery dataset purchase row; last_order_date=09-05-24,LOC002
PUR00383,PRD0383,32,144,SUP383,PTRX00383,Online grocery dataset purchase row; last_order_date=10-01-24,LOC003
PUR00384,PRD0384,67,223,SUP384,PTRX00384,Online grocery dataset purchase row; last_order_date=1/23/2025,LOC004
PUR00385,PRD0385,79,360,SUP385,PTRX00385,Online grocery dataset purchase row; last_order_date=07-11-24,LOC005
PUR00386,PRD0386,99,252,SUP386,PTRX00386,Online grocery dataset purchase row; last_order_date=12/13/2024,LOC001
PUR00387,PRD0387,79,446,SUP387,PTRX00387,Online grocery dataset purchase row; last_order_date=12/20/2024,LOC002
PUR00388,PRD0388,94,540,SUP388,PTRX00388,Online grocery dataset purchase row; last_order_date=3/16/2024,LOC003
PUR00389,PRD0389,3,252,SUP389,PTRX00389,Online grocery dataset purchase row; last_order_date=8/24/2024,LOC004
PUR00390,PRD0390,54,342,SUP390,PTRX00390,Online grocery dataset purchase row; last_order_date=12/20/2024,LOC005
PUR00391,PRD0391,52,576,SUP391,PTRX00391,Online grocery dataset purchase row; last_order_date=10-03-24,LOC001
PUR00392,PRD0392,6,324,SUP392,PTRX00392,Online grocery dataset purchase row; last_order_date=1/23/2025,LOC002
PUR00393,PRD0393,68,180,SUP393,PTRX00393,Online grocery dataset purchase row; last_order_date=1/19/2025,LOC003
PUR00394,PRD0394,50,108,SUP394,PTRX00394,Online grocery dataset purchase row; last_order_date=3/30/2024,LOC004
PUR00395,PRD0395,13,360,SUP395,PTRX00395,Online grocery dataset purchase row; last_order_date=04-04-24,LOC005
PUR00396,PRD0396,18,432,SUP396,PTRX00396,Online grocery dataset purchase row; last_order_date=08-10-24,LOC001
PUR00397,PRD0397,89,108,SUP397,PTRX00397,Online grocery dataset purchase row; last_order_date=01-01-25,LOC002
PUR00398,PRD0398,99,648,SUP398,PTRX00398,Online grocery dataset purchase row; last_order_date=1/30/2025,LOC003
PUR00399,PRD0399,12,324,SUP399,PTRX00399,Online grocery dataset purchase row; last_order_date=12/13/2024,LOC004
PUR00400,PRD0400,16,468,SUP400,PTRX00400,Online grocery dataset purchase row; last_order_date=2/19/2025,LOC005
PUR00401,PRD0401,39,151,SUP401,PTRX00401,Online grocery dataset purchase row; last_order_date=2/28/2024,LOC001
PUR00402,PRD0402,49,288,SUP402,PTRX00402,Online grocery dataset purchase row; last_order_date=06-10-24,LOC002
PUR00403,PRD0403,92,360,SUP403,PTRX00403,Online grocery dataset purchase row; last_order_date=8/31/2024,LOC003
PUR00404,PRD0404,79,432,SUP404,PTRX00404,Online grocery dataset purchase row; last_order_date=06-02-24,LOC004
PUR00405,PRD0405,78,720,SUP405,PTRX00405,Online grocery dataset purchase row; last_order_date=8/28/2024,LOC005
PUR00406,PRD0406,66,482,SUP406,PTRX00406,Online grocery dataset purchase row; last_order_date=01-01-25,LOC001
PUR00407,PRD0407,5,504,SUP407,PTRX00407,Online grocery dataset purchase row; last_order_date=7/27/2024,LOC002
PUR00408,PRD0408,72,648,SUP408,PTRX00408,Online grocery dataset purchase row; last_order_date=2/28/2024,LOC003
PUR00409,PRD0409,94,432,SUP409,PTRX00409,Online grocery dataset purchase row; last_order_date=7/21/2024,LOC004
PUR00410,PRD0410,99,432,SUP410,PTRX00410,Online grocery dataset purchase row; last_order_date=1/25/2025,LOC005
PUR00411,PRD0411,25,252,SUP411,PTRX00411,Online grocery dataset purchase row; last_order_date=9/26/2024,LOC001
PUR00412,PRD0412,11,216,SUP412,PTRX00412,Online grocery dataset purchase row; last_order_date=01-05-25,LOC002
PUR00413,PRD0413,66,432,SUP413,PTRX00413,Online grocery dataset purchase row; last_order_date=09-03-24,LOC003
PUR00414,PRD0414,28,126,SUP414,PTRX00414,Online grocery dataset purchase row; last_order_date=09-10-24,LOC004
PUR00415,PRD0415,94,216,SUP415,PTRX00415,Online grocery dataset purchase row; last_order_date=7/23/2024,LOC005
PUR00416,PRD0416,41,72,SUP416,PTRX00416,Online grocery dataset purchase row; last_order_date=02-05-25,LOC001
PUR00417,PRD0417,81,144,SUP417,PTRX00417,Online grocery dataset purchase row; last_order_date=02-12-25,LOC002
PUR00418,PRD0418,62,1102,SUP418,PTRX00418,Online grocery dataset purchase row; last_order_date=3/18/2024,LOC003
PUR00419,PRD0419,71,576,SUP419,PTRX00419,Online grocery dataset purchase row; last_order_date=01-07-25,LOC004
PUR00420,PRD0420,94,648,SUP420,PTRX00420,Online grocery dataset purchase row; last_order_date=10/17/2024,LOC005
PUR00421,PRD0421,35,208,SUP421,PTRX00421,Online grocery dataset purchase row; last_order_date=6/17/2024,LOC001
PUR00422,PRD0422,17,360,SUP422,PTRX00422,Online grocery dataset purchase row; last_order_date=6/30/2024,LOC002
PUR00423,PRD0423,80,108,SUP423,PTRX00423,Online grocery dataset purchase row; last_order_date=9/27/2024,LOC003
PUR00424,PRD0424,32,1116,SUP424,PTRX00424,Online grocery dataset purchase row; last_order_date=06-10-24,LOC004
PUR00425,PRD0425,87,648,SUP425,PTRX00425,Online grocery dataset purchase row; last_order_date=10-03-24,LOC005
PUR00426,PRD0426,5,1080,SUP426,PTRX00426,Online grocery dataset purchase row; last_order_date=10-11-24,LOC001
PUR00427,PRD0427,36,720,SUP427,PTRX00427,Online grocery dataset purchase row; last_order_date=2/25/2024,LOC002
PUR00428,PRD0428,37,172,SUP428,PTRX00428,Online grocery dataset purchase row; last_order_date=08-07-24,LOC003
PUR00429,PRD0429,85,180,SUP429,PTRX00429,Online grocery dataset purchase row; last_order_date=8/30/2024,LOC004
PUR00430,PRD0430,36,108,SUP430,PTRX00430,Online grocery dataset purchase row; last_order_date=8/26/2024,LOC005
PUR00431,PRD0431,57,849,SUP431,PTRX00431,Online grocery dataset purchase row; last_order_date=6/16/2024,LOC001
PUR00432,PRD0432,70,540,SUP432,PTRX00432,Online grocery dataset purchase row; last_order_date=10/13/2024,LOC002
PUR00433,PRD0433,74,324,SUP433,PTRX00433,Online grocery dataset purchase row; last_order_date=07-04-24,LOC003
PUR00434,PRD0434,17,252,SUP434,PTRX00434,Online grocery dataset purchase row; last_order_date=08-01-24,LOC004
PUR00435,PRD0435,78,144,SUP435,PTRX00435,Online grocery dataset purchase row; last_order_date=05-04-24,LOC005
PUR00436,PRD0436,70,176,SUP436,PTRX00436,Online grocery dataset purchase row; last_order_date=2/14/2025,LOC001
PUR00437,PRD0437,51,288,SUP437,PTRX00437,Online grocery dataset purchase row; last_order_date=12-09-24,LOC002
PUR00438,PRD0438,80,1296,SUP438,PTRX00438,Online grocery dataset purchase row; last_order_date=05-10-24,LOC003
PUR00439,PRD0439,97,180,SUP439,PTRX00439,Online grocery dataset purchase row; last_order_date=05-12-24,LOC004
PUR00440,PRD0440,8,504,SUP440,PTRX00440,Online grocery dataset purchase row; last_order_date=01-06-25,LOC005
PUR00441,PRD0441,5,1440,SUP441,PTRX00441,Online grocery dataset purchase row; last_order_date=1/31/2025,LOC001
PUR00442,PRD0442,20,180,SUP442,PTRX00442,Online grocery dataset purchase row; last_order_date=11/20/2024,LOC002
PUR00443,PRD0443,21,144,SUP443,PTRX00443,Online grocery dataset purchase row; last_order_date=1/27/2025,LOC003
PUR00444,PRD0444,54,180,SUP444,PTRX00444,Online grocery dataset purchase row; last_order_date=5/21/2024,LOC004
PUR00445,PRD0445,18,288,SUP445,PTRX00445,Online grocery dataset purchase row; last_order_date=10/23/2024,LOC005
PUR00446,PRD0446,72,72,SUP446,PTRX00446,Online grocery dataset purchase row; last_order_date=11/29/2024,LOC001
PUR00447,PRD0447,90,288,SUP447,PTRX00447,Online grocery dataset purchase row; last_order_date=06-08-24,LOC002
PUR00448,PRD0448,73,360,SUP448,PTRX00448,Online grocery dataset purchase row; last_order_date=04-06-24,LOC003
PUR00449,PRD0449,87,432,SUP449,PTRX00449,Online grocery dataset purchase row; last_order_date=10-03-24,LOC004
PUR00450,PRD0450,33,108,SUP450,PTRX00450,Online grocery dataset purchase row; last_order_date=2/22/2025,LOC005
PUR00451,PRD0451,63,216,SUP451,PTRX00451,Online grocery dataset purchase row; last_order_date=06-01-24,LOC001
PUR00452,PRD0452,97,396,SUP452,PTRX00452,Online grocery dataset purchase row; last_order_date=8/25/2024,LOC002
PUR00453,PRD0453,85,216,SUP453,PTRX00453,Online grocery dataset purchase row; last_order_date=4/14/2024,LOC003
PUR00454,PRD0454,8,720,SUP454,PTRX00454,Online grocery dataset purchase row; last_order_date=10/26/2024,LOC004
PUR00455,PRD0455,56,122,SUP455,PTRX00455,Online grocery dataset purchase row; last_order_date=11-09-24,LOC005
PUR00456,PRD0456,8,288,SUP456,PTRX00456,Online grocery dataset purchase row; last_order_date=11-11-24,LOC001
PUR00457,PRD0457,88,57,SUP457,PTRX00457,Online grocery dataset purchase row; last_order_date=8/23/2024,LOC002
PUR00458,PRD0458,26,360,SUP458,PTRX00458,Online grocery dataset purchase row; last_order_date=3/21/2024,LOC003
PUR00459,PRD0459,74,432,SUP459,PTRX00459,Online grocery dataset purchase row; last_order_date=1/14/2025,LOC004
PUR00460,PRD0460,19,144,SUP460,PTRX00460,Online grocery dataset purchase row; last_order_date=1/29/2025,LOC005
PUR00461,PRD0461,94,295,SUP461,PTRX00461,Online grocery dataset purchase row; last_order_date=6/20/2024,LOC001
PUR00462,PRD0462,58,345,SUP462,PTRX00462,Online grocery dataset purchase row; last_order_date=8/24/2024,LOC002
PUR00463,PRD0463,85,180,SUP463,PTRX00463,Online grocery dataset purchase row; last_order_date=09-03-24,LOC003
PUR00464,PRD0464,62,1080,SUP464,PTRX00464,Online grocery dataset purchase row; last_order_date=2/25/2024,LOC004
PUR00465,PRD0465,36,540,SUP465,PTRX00465,Online grocery dataset purchase row; last_order_date=7/30/2024,LOC005
PUR00466,PRD0466,44,648,SUP466,PTRX00466,Online grocery dataset purchase row; last_order_date=12/24/2024,LOC001
PUR00467,PRD0467,100,576,SUP467,PTRX00467,Online grocery dataset purchase row; last_order_date=1/30/2025,LOC002
PUR00468,PRD0468,94,180,SUP468,PTRX00468,Online grocery dataset purchase row; last_order_date=9/25/2024,LOC003
PUR00469,PRD0469,43,360,SUP469,PTRX00469,Online grocery dataset purchase row; last_order_date=5/16/2024,LOC004
PUR00470,PRD0470,59,172,SUP470,PTRX00470,Online grocery dataset purchase row; last_order_date=03-10-24,LOC005
PUR00471,PRD0471,21,396,SUP471,PTRX00471,Online grocery dataset purchase row; last_order_date=3/20/2024,LOC001
PUR00472,PRD0472,91,288,SUP472,PTRX00472,Online grocery dataset purchase row; last_order_date=8/18/2024,LOC002
PUR00473,PRD0473,65,144,SUP473,PTRX00473,Online grocery dataset purchase row; last_order_date=12-04-24,LOC003
PUR00474,PRD0474,58,1821,SUP474,PTRX00474,Online grocery dataset purchase row; last_order_date=6/27/2024,LOC004
PUR00475,PRD0475,81,720,SUP475,PTRX00475,Online grocery dataset purchase row; last_order_date=05-12-24,LOC005
PUR00476,PRD0476,49,180,SUP476,PTRX00476,Online grocery dataset purchase row; last_order_date=05-03-24,LOC001
PUR00477,PRD0477,80,324,SUP477,PTRX00477,Online grocery dataset purchase row; last_order_date=5/13/2024,LOC002
PUR00478,PRD0478,24,180,SUP478,PTRX00478,Online grocery dataset purchase row; last_order_date=02-04-25,LOC003
PUR00479,PRD0479,90,684,SUP479,PTRX00479,Online grocery dataset purchase row; last_order_date=08-07-24,LOC004
PUR00480,PRD0480,43,216,SUP480,PTRX00480,Online grocery dataset purchase row; last_order_date=11/30/2024,LOC005
PUR00481,PRD0481,78,216,SUP481,PTRX00481,Online grocery dataset purchase row; last_order_date=4/17/2024,LOC001
PUR00482,PRD0482,29,144,SUP482,PTRX00482,Online grocery dataset purchase row; last_order_date=06-07-24,LOC002
PUR00483,PRD0483,73,302,SUP483,PTRX00483,Online grocery dataset purchase row; last_order_date=11-08-24,LOC003
PUR00484,PRD0484,6,662,SUP484,PTRX00484,Online grocery dataset purchase row; last_order_date=12/19/2024,LOC004
PUR00485,PRD0485,43,316,SUP485,PTRX00485,Online grocery dataset purchase row; last_order_date=9/16/2024,LOC005
PUR00486,PRD0486,24,1800,SUP486,PTRX00486,Online grocery dataset purchase row; last_order_date=06-10-24,LOC001
PUR00487,PRD0487,6,288,SUP487,PTRX00487,Online grocery dataset purchase row; last_order_date=05-06-24,LOC002
PUR00488,PRD0488,77,288,SUP488,PTRX00488,Online grocery dataset purchase row; last_order_date=8/15/2024,LOC003
PUR00489,PRD0489,77,104,SUP489,PTRX00489,Online grocery dataset purchase row; last_order_date=8/30/2024,LOC004
PUR00490,PRD0490,87,288,SUP490,PTRX00490,Online grocery dataset purchase row; last_order_date=04-09-24,LOC005
PUR00491,PRD0491,15,1440,SUP491,PTRX00491,Online grocery dataset purchase row; last_order_date=5/21/2024,LOC001
PUR00492,PRD0492,86,72,SUP492,PTRX00492,Online grocery dataset purchase row; last_order_date=06-09-24,LOC002
PUR00493,PRD0493,14,180,SUP493,PTRX00493,Online grocery dataset purchase row; last_order_date=6/24/2024,LOC003
PUR00494,PRD0494,30,216,SUP494,PTRX00494,Online grocery dataset purchase row; last_order_date=1/13/2025,LOC004
PUR00495,PRD0495,13,126,SUP495,PTRX00495,Online grocery dataset purchase row; last_order_date=3/17/2024,LOC005
PUR00496,PRD0496,57,468,SUP496,PTRX00496,Online grocery dataset purchase row; last_order_date=01-12-25,LOC001
PUR00497,PRD0497,41,720,SUP497,PTRX00497,Online grocery dataset purchase row; last_order_date=10-08-24,LOC002
PUR00498,PRD0498,66,180,SUP498,PTRX00498,Online grocery dataset purchase row; last_order_date=1/24/2025,LOC003
PUR00499,PRD0499,77,396,SUP499,PTRX00499,Online grocery dataset purchase row; last_order_date=2/21/2025,LOC004
PUR00500,PRD0500,27,288,SUP500,PTRX00500,Online grocery dataset purchase row; last_order_date=11/24/2024,LOC005
PUR00501,PRD0501,41,576,SUP501,PTRX00501,Online grocery dataset purchase row; last_order_date=04-07-24,LOC001
PUR00502,PRD0502,49,72,SUP502,PTRX00502,Online grocery dataset purchase row; last_order_date=6/13/2024,LOC002
PUR00503,PRD0503,53,360,SUP503,PTRX00503,Online grocery dataset purchase row; last_order_date=4/29/2024,LOC003
PUR00504,PRD0504,44,288,SUP504,PTRX00504,Online grocery dataset purchase row; last_order_date=2/26/2024,LOC004
PUR00505,PRD0505,26,504,SUP505,PTRX00505,Online grocery dataset purchase row; last_order_date=07-07-24,LOC005
PUR00506,PRD0506,81,144,SUP506,PTRX00506,Online grocery dataset purchase row; last_order_date=6/17/2024,LOC001
PUR00507,PRD0507,16,252,SUP507,PTRX00507,Online grocery dataset purchase row; last_order_date=8/19/2024,LOC002
PUR00508,PRD0508,79,144,SUP508,PTRX00508,Online grocery dataset purchase row; last_order_date=2/16/2025,LOC003
PUR00509,PRD0509,58,468,SUP509,PTRX00509,Online grocery dataset purchase row; last_order_date=04-05-24,LOC004
PUR00510,PRD0510,74,176,SUP510,PTRX00510,Online grocery dataset purchase row; last_order_date=9/23/2024,LOC005
PUR00511,PRD0511,25,1116,SUP511,PTRX00511,Online grocery dataset purchase row; last_order_date=4/29/2024,LOC001
PUR00512,PRD0512,36,288,SUP512,PTRX00512,Online grocery dataset purchase row; last_order_date=1/25/2025,LOC002
PUR00513,PRD0513,68,216,SUP513,PTRX00513,Online grocery dataset purchase row; last_order_date=4/23/2024,LOC003
PUR00514,PRD0514,2,684,SUP514,PTRX00514,Online grocery dataset purchase row; last_order_date=11-08-24,LOC004
PUR00515,PRD0515,40,165,SUP515,PTRX00515,Online grocery dataset purchase row; last_order_date=05-04-24,LOC005
PUR00516,PRD0516,27,165,SUP516,PTRX00516,Online grocery dataset purchase row; last_order_date=6/18/2024,LOC001
PUR00517,PRD0517,86,216,SUP517,PTRX00517,Online grocery dataset purchase row; last_order_date=07-02-24,LOC002
PUR00518,PRD0518,82,172,SUP518,PTRX00518,Online grocery dataset purchase row; last_order_date=12-10-24,LOC003
PUR00519,PRD0519,31,180,SUP519,PTRX00519,Online grocery dataset purchase row; last_order_date=6/25/2024,LOC004
PUR00520,PRD0520,74,864,SUP520,PTRX00520,Online grocery dataset purchase row; last_order_date=11/26/2024,LOC005
PUR00521,PRD0521,98,64,SUP521,PTRX00521,Online grocery dataset purchase row; last_order_date=11-05-24,LOC001
PUR00522,PRD0522,95,72,SUP522,PTRX00522,Online grocery dataset purchase row; last_order_date=07-06-24,LOC002
PUR00523,PRD0523,74,360,SUP523,PTRX00523,Online grocery dataset purchase row; last_order_date=1/29/2025,LOC003
PUR00524,PRD0524,94,468,SUP524,PTRX00524,Online grocery dataset purchase row; last_order_date=04-12-24,LOC004
PUR00525,PRD0525,68,126,SUP525,PTRX00525,Online grocery dataset purchase row; last_order_date=11-05-24,LOC005
PUR00526,PRD0526,4,295,SUP526,PTRX00526,Online grocery dataset purchase row; last_order_date=12/21/2024,LOC001
PUR00527,PRD0527,12,2196,SUP527,PTRX00527,Online grocery dataset purchase row; last_order_date=2/22/2025,LOC002
PUR00528,PRD0528,63,648,SUP528,PTRX00528,Online grocery dataset purchase row; last_order_date=7/24/2024,LOC003
PUR00529,PRD0529,48,864,SUP529,PTRX00529,Online grocery dataset purchase row; last_order_date=07-10-24,LOC004
PUR00530,PRD0530,62,396,SUP530,PTRX00530,Online grocery dataset purchase row; last_order_date=01-12-25,LOC005
PUR00531,PRD0531,32,640,SUP531,PTRX00531,Online grocery dataset purchase row; last_order_date=6/25/2024,LOC001
PUR00532,PRD0532,46,316,SUP532,PTRX00532,Online grocery dataset purchase row; last_order_date=09-12-24,LOC002
PUR00533,PRD0533,61,1800,SUP533,PTRX00533,Online grocery dataset purchase row; last_order_date=10/27/2024,LOC003
PUR00534,PRD0534,38,446,SUP534,PTRX00534,Online grocery dataset purchase row; last_order_date=07-03-24,LOC004
PUR00535,PRD0535,76,864,SUP535,PTRX00535,Online grocery dataset purchase row; last_order_date=7/19/2024,LOC005
PUR00536,PRD0536,61,72,SUP536,PTRX00536,Online grocery dataset purchase row; last_order_date=7/17/2024,LOC001
PUR00537,PRD0537,68,180,SUP537,PTRX00537,Online grocery dataset purchase row; last_order_date=03-05-24,LOC002
PUR00538,PRD0538,73,183,SUP538,PTRX00538,Online grocery dataset purchase row; last_order_date=04-12-24,LOC003
PUR00539,PRD0539,74,1440,SUP539,PTRX00539,Online grocery dataset purchase row; last_order_date=10-02-24,LOC004
PUR00540,PRD0540,58,252,SUP540,PTRX00540,Online grocery dataset purchase row; last_order_date=08-05-24,LOC005
PUR00541,PRD0541,69,178,SUP541,PTRX00541,Online grocery dataset purchase row; last_order_date=3/28/2024,LOC001
PUR00542,PRD0542,57,180,SUP542,PTRX00542,Online grocery dataset purchase row; last_order_date=5/28/2024,LOC002
PUR00543,PRD0543,55,216,SUP543,PTRX00543,Online grocery dataset purchase row; last_order_date=05-12-24,LOC003
PUR00544,PRD0544,87,424,SUP544,PTRX00544,Online grocery dataset purchase row; last_order_date=6/30/2024,LOC004
PUR00545,PRD0545,39,216,SUP545,PTRX00545,Online grocery dataset purchase row; last_order_date=07-07-24,LOC005
PUR00546,PRD0546,29,316,SUP546,PTRX00546,Online grocery dataset purchase row; last_order_date=2/15/2025,LOC001
PUR00547,PRD0547,4,432,SUP547,PTRX00547,Online grocery dataset purchase row; last_order_date=7/28/2024,LOC002
PUR00548,PRD0548,15,468,SUP548,PTRX00548,Online grocery dataset purchase row; last_order_date=02-07-25,LOC003
PUR00549,PRD0549,27,180,SUP549,PTRX00549,Online grocery dataset purchase row; last_order_date=10-11-24,LOC004
PUR00550,PRD0550,74,342,SUP550,PTRX00550,Online grocery dataset purchase row; last_order_date=12-08-24,LOC005
PUR00551,PRD0551,26,180,SUP551,PTRX00551,Online grocery dataset purchase row; last_order_date=04-10-24,LOC001
PUR00552,PRD0552,82,342,SUP552,PTRX00552,Online grocery dataset purchase row; last_order_date=12/21/2024,LOC002
PUR00553,PRD0553,69,280,SUP553,PTRX00553,Online grocery dataset purchase row; last_order_date=6/14/2024,LOC003
PUR00554,PRD0554,2,396,SUP554,PTRX00554,Online grocery dataset purchase row; last_order_date=3/25/2024,LOC004
PUR00555,PRD0555,52,324,SUP555,PTRX00555,Online grocery dataset purchase row; last_order_date=5/23/2024,LOC005
PUR00556,PRD0556,60,302,SUP556,PTRX00556,Online grocery dataset purchase row; last_order_date=5/19/2024,LOC001
PUR00557,PRD0557,45,288,SUP557,PTRX00557,Online grocery dataset purchase row; last_order_date=9/27/2024,LOC002
PUR00558,PRD0558,16,201,SUP558,PTRX00558,Online grocery dataset purchase row; last_order_date=11/24/2024,LOC003
PUR00559,PRD0559,82,360,SUP559,PTRX00559,Online grocery dataset purchase row; last_order_date=1/14/2025,LOC004
PUR00560,PRD0560,97,1440,SUP560,PTRX00560,Online grocery dataset purchase row; last_order_date=5/26/2024,LOC005
PUR00561,PRD0561,28,108,SUP561,PTRX00561,Online grocery dataset purchase row; last_order_date=9/23/2024,LOC001
PUR00562,PRD0562,34,684,SUP562,PTRX00562,Online grocery dataset purchase row; last_order_date=10/31/2024,LOC002
PUR00563,PRD0563,57,741,SUP563,PTRX00563,Online grocery dataset purchase row; last_order_date=7/16/2024,LOC003
PUR00564,PRD0564,86,432,SUP564,PTRX00564,Online grocery dataset purchase row; last_order_date=11/16/2024,LOC004
PUR00565,PRD0565,82,122,SUP565,PTRX00565,Online grocery dataset purchase row; last_order_date=07-01-24,LOC005
PUR00566,PRD0566,39,396,SUP566,PTRX00566,Online grocery dataset purchase row; last_order_date=6/24/2024,LOC001
PUR00567,PRD0567,3,540,SUP567,PTRX00567,Online grocery dataset purchase row; last_order_date=08-10-24,LOC002
PUR00568,PRD0568,69,57,SUP568,PTRX00568,Online grocery dataset purchase row; last_order_date=03-12-24,LOC003
PUR00569,PRD0569,11,216,SUP569,PTRX00569,Online grocery dataset purchase row; last_order_date=12-01-24,LOC004
PUR00570,PRD0570,37,180,SUP570,PTRX00570,Online grocery dataset purchase row; last_order_date=05-09-24,LOC005
PUR00571,PRD0571,47,360,SUP571,PTRX00571,Online grocery dataset purchase row; last_order_date=01-01-25,LOC001
PUR00572,PRD0572,10,180,SUP572,PTRX00572,Online grocery dataset purchase row; last_order_date=10-02-24,LOC002
PUR00573,PRD0573,69,72,SUP573,PTRX00573,Online grocery dataset purchase row; last_order_date=02-03-25,LOC003
PUR00574,PRD0574,52,212,SUP574,PTRX00574,Online grocery dataset purchase row; last_order_date=12-10-24,LOC004
PUR00575,PRD0575,100,720,SUP575,PTRX00575,Online grocery dataset purchase row; last_order_date=04-06-24,LOC005
PUR00576,PRD0576,100,360,SUP576,PTRX00576,Online grocery dataset purchase row; last_order_date=9/27/2024,LOC001
PUR00577,PRD0577,57,576,SUP577,PTRX00577,Online grocery dataset purchase row; last_order_date=10/20/2024,LOC002
PUR00578,PRD0578,31,504,SUP578,PTRX00578,Online grocery dataset purchase row; last_order_date=01-12-25,LOC003
PUR00579,PRD0579,15,180,SUP579,PTRX00579,Online grocery dataset purchase row; last_order_date=6/20/2024,LOC004
PUR00580,PRD0580,17,216,SUP580,PTRX00580,Online grocery dataset purchase row; last_order_date=09-03-24,LOC005
PUR00581,PRD0581,57,180,SUP581,PTRX00581,Online grocery dataset purchase row; last_order_date=6/18/2024,LOC001
PUR00582,PRD0582,81,360,SUP582,PTRX00582,Online grocery dataset purchase row; last_order_date=2/25/2024,LOC002
PUR00583,PRD0583,18,180,SUP583,PTRX00583,Online grocery dataset purchase row; last_order_date=12/28/2024,LOC003
PUR00584,PRD0584,39,720,SUP584,PTRX00584,Online grocery dataset purchase row; last_order_date=07-11-24,LOC004
PUR00585,PRD0585,46,360,SUP585,PTRX00585,Online grocery dataset purchase row; last_order_date=5/19/2024,LOC005
PUR00586,PRD0586,78,648,SUP586,PTRX00586,Online grocery dataset purchase row; last_order_date=6/27/2024,LOC001
PUR00587,PRD0587,9,432,SUP587,PTRX00587,Online grocery dataset purchase row; last_order_date=04-05-24,LOC002
PUR00588,PRD0588,100,900,SUP588,PTRX00588,Online grocery dataset purchase row; last_order_date=3/16/2024,LOC003
PUR00589,PRD0589,78,136,SUP589,PTRX00589,Online grocery dataset purchase row; last_order_date=02-12-25,LOC004
PUR00590,PRD0590,74,360,SUP590,PTRX00590,Online grocery dataset purchase row; last_order_date=02-05-25,LOC005
PUR00591,PRD0591,47,190,SUP591,PTRX00591,Online grocery dataset purchase row; last_order_date=4/20/2024,LOC001
PUR00592,PRD0592,10,720,SUP592,PTRX00592,Online grocery dataset purchase row; last_order_date=1/25/2025,LOC002
PUR00593,PRD0593,12,360,SUP593,PTRX00593,Online grocery dataset purchase row; last_order_date=9/20/2024,LOC003
PUR00594,PRD0594,92,360,SUP594,PTRX00594,Online grocery dataset purchase row; last_order_date=1/20/2025,LOC004
PUR00595,PRD0595,65,216,SUP595,PTRX00595,Online grocery dataset purchase row; last_order_date=08-11-24,LOC005
PUR00596,PRD0596,100,396,SUP596,PTRX00596,Online grocery dataset purchase row; last_order_date=12-07-24,LOC001
PUR00597,PRD0597,97,468,SUP597,PTRX00597,Online grocery dataset purchase row; last_order_date=10/19/2024,LOC002
PUR00598,PRD0598,17,208,SUP598,PTRX00598,Online grocery dataset purchase row; last_order_date=07-05-24,LOC003
PUR00599,PRD0599,59,432,SUP599,PTRX00599,Online grocery dataset purchase row; last_order_date=3/27/2024,LOC004
PUR00600,PRD0600,80,288,SUP600,PTRX00600,Online grocery dataset purchase row; last_order_date=11-04-24,LOC005
PUR00601,PRD0601,94,410,SUP601,PTRX00601,Online grocery dataset purchase row; last_order_date=2/17/2025,LOC001
PUR00602,PRD0602,66,129,SUP602,PTRX00602,Online grocery dataset purchase row; last_order_date=05-12-24,LOC002
PUR00603,PRD0603,74,277,SUP603,PTRX00603,Online grocery dataset purchase row; last_order_date=10-08-24,LOC003
PUR00604,PRD0604,98,180,SUP604,PTRX00604,Online grocery dataset purchase row; last_order_date=3/21/2024,LOC004
PUR00605,PRD0605,69,360,SUP605,PTRX00605,Online grocery dataset purchase row; last_order_date=8/15/2024,LOC005
PUR00606,PRD0606,11,576,SUP606,PTRX00606,Online grocery dataset purchase row; last_order_date=07-12-24,LOC001
PUR00607,PRD0607,98,180,SUP607,PTRX00607,Online grocery dataset purchase row; last_order_date=2/25/2024,LOC002
PUR00608,PRD0608,71,144,SUP608,PTRX00608,Online grocery dataset purchase row; last_order_date=08-12-24,LOC003
PUR00609,PRD0609,89,1296,SUP609,PTRX00609,Online grocery dataset purchase row; last_order_date=2/27/2024,LOC004
PUR00610,PRD0610,68,180,SUP610,PTRX00610,Online grocery dataset purchase row; last_order_date=08-06-24,LOC005
PUR00611,PRD0611,69,176,SUP611,PTRX00611,Online grocery dataset purchase row; last_order_date=3/25/2024,LOC001
PUR00612,PRD0612,4,1080,SUP612,PTRX00612,Online grocery dataset purchase row; last_order_date=9/20/2024,LOC002
PUR00613,PRD0613,6,57,SUP613,PTRX00613,Online grocery dataset purchase row; last_order_date=10-06-24,LOC003
PUR00614,PRD0614,53,306,SUP614,PTRX00614,Online grocery dataset purchase row; last_order_date=10/26/2024,LOC004
PUR00615,PRD0615,70,14,SUP615,PTRX00615,Online grocery dataset purchase row; last_order_date=12/23/2024,LOC005
PUR00616,PRD0616,22,324,SUP616,PTRX00616,Online grocery dataset purchase row; last_order_date=11-02-24,LOC001
PUR00617,PRD0617,6,288,SUP617,PTRX00617,Online grocery dataset purchase row; last_order_date=1/13/2025,LOC002
PUR00618,PRD0618,29,309,SUP618,PTRX00618,Online grocery dataset purchase row; last_order_date=10-08-24,LOC003
PUR00619,PRD0619,64,324,SUP619,PTRX00619,Online grocery dataset purchase row; last_order_date=06-08-24,LOC004
PUR00620,PRD0620,1,396,SUP620,PTRX00620,Online grocery dataset purchase row; last_order_date=2/25/2024,LOC005
PUR00621,PRD0621,44,576,SUP621,PTRX00621,Online grocery dataset purchase row; last_order_date=5/16/2024,LOC001
PUR00622,PRD0622,5,320,SUP622,PTRX00622,Online grocery dataset purchase row; last_order_date=4/17/2024,LOC002
PUR00623,PRD0623,13,180,SUP623,PTRX00623,Online grocery dataset purchase row; last_order_date=9/18/2024,LOC003
PUR00624,PRD0624,68,108,SUP624,PTRX00624,Online grocery dataset purchase row; last_order_date=6/26/2024,LOC004
PUR00625,PRD0625,85,511,SUP625,PTRX00625,Online grocery dataset purchase row; last_order_date=3/29/2024,LOC005
PUR00626,PRD0626,4,432,SUP626,PTRX00626,Online grocery dataset purchase row; last_order_date=6/27/2024,LOC001
PUR00627,PRD0627,42,144,SUP627,PTRX00627,Online grocery dataset purchase row; last_order_date=3/21/2024,LOC002
PUR00628,PRD0628,18,1007,SUP628,PTRX00628,Online grocery dataset purchase row; last_order_date=7/18/2024,LOC003
PUR00629,PRD0629,74,180,SUP629,PTRX00629,Online grocery dataset purchase row; last_order_date=7/30/2024,LOC004
PUR00630,PRD0630,59,576,SUP630,PTRX00630,Online grocery dataset purchase row; last_order_date=11/20/2024,LOC005
PUR00631,PRD0631,98,2160,SUP631,PTRX00631,Online grocery dataset purchase row; last_order_date=10-02-24,LOC001
PUR00632,PRD0632,76,216,SUP632,PTRX00632,Online grocery dataset purchase row; last_order_date=02-04-25,LOC002
PUR00633,PRD0633,2,169,SUP633,PTRX00633,Online grocery dataset purchase row; last_order_date=09-11-24,LOC003
PUR00634,PRD0634,100,396,SUP634,PTRX00634,Online grocery dataset purchase row; last_order_date=11/29/2024,LOC004
PUR00635,PRD0635,20,864,SUP635,PTRX00635,Online grocery dataset purchase row; last_order_date=07-04-24,LOC005
PUR00636,PRD0636,88,216,SUP636,PTRX00636,Online grocery dataset purchase row; last_order_date=7/16/2024,LOC001
PUR00637,PRD0637,35,576,SUP637,PTRX00637,Online grocery dataset purchase row; last_order_date=1/31/2025,LOC002
PUR00638,PRD0638,7,313,SUP638,PTRX00638,Online grocery dataset purchase row; last_order_date=11-03-24,LOC003
PUR00639,PRD0639,18,72,SUP639,PTRX00639,Online grocery dataset purchase row; last_order_date=11/21/2024,LOC004
PUR00640,PRD0640,98,176,SUP640,PTRX00640,Online grocery dataset purchase row; last_order_date=7/27/2024,LOC005
PUR00641,PRD0641,19,360,SUP641,PTRX00641,Online grocery dataset purchase row; last_order_date=10-08-24,LOC001
PUR00642,PRD0642,11,417,SUP642,PTRX00642,Online grocery dataset purchase row; last_order_date=12/23/2024,LOC002
PUR00643,PRD0643,7,450,SUP643,PTRX00643,Online grocery dataset purchase row; last_order_date=10/31/2024,LOC003
PUR00644,PRD0644,54,576,SUP644,PTRX00644,Online grocery dataset purchase row; last_order_date=11/24/2024,LOC004
PUR00645,PRD0645,71,57,SUP645,PTRX00645,Online grocery dataset purchase row; last_order_date=03-11-24,LOC005
PUR00646,PRD0646,69,309,SUP646,PTRX00646,Online grocery dataset purchase row; last_order_date=08-04-24,LOC001
PUR00647,PRD0647,27,288,SUP647,PTRX00647,Online grocery dataset purchase row; last_order_date=5/22/2024,LOC002
PUR00648,PRD0648,90,360,SUP648,PTRX00648,Online grocery dataset purchase row; last_order_date=4/15/2024,LOC003
PUR00649,PRD0649,91,216,SUP649,PTRX00649,Online grocery dataset purchase row; last_order_date=8/20/2024,LOC004
PUR00650,PRD0650,15,324,SUP650,PTRX00650,Online grocery dataset purchase row; last_order_date=05-01-24,LOC005
PUR00651,PRD0651,88,864,SUP651,PTRX00651,Online grocery dataset purchase row; last_order_date=12-05-24,LOC001
PUR00652,PRD0652,42,176,SUP652,PTRX00652,Online grocery dataset purchase row; last_order_date=8/27/2024,LOC002
PUR00653,PRD0653,40,64,SUP653,PTRX00653,Online grocery dataset purchase row; last_order_date=01-11-25,LOC003
PUR00654,PRD0654,12,648,SUP654,PTRX00654,Online grocery dataset purchase row; last_order_date=5/29/2024,LOC004
PUR00655,PRD0655,2,14,SUP655,PTRX00655,Online grocery dataset purchase row; last_order_date=6/28/2024,LOC005
PUR00656,PRD0656,6,180,SUP656,PTRX00656,Online grocery dataset purchase row; last_order_date=08-11-24,LOC001
PUR00657,PRD0657,41,1440,SUP657,PTRX00657,Online grocery dataset purchase row; last_order_date=01-07-25,LOC002
PUR00658,PRD0658,87,288,SUP658,PTRX00658,Online grocery dataset purchase row; last_order_date=03-02-24,LOC003
PUR00659,PRD0659,20,129,SUP659,PTRX00659,Online grocery dataset purchase row; last_order_date=12-04-24,LOC004
PUR00660,PRD0660,45,864,SUP660,PTRX00660,Online grocery dataset purchase row; last_order_date=4/22/2024,LOC005
PUR00661,PRD0661,29,1080,SUP661,PTRX00661,Online grocery dataset purchase row; last_order_date=6/24/2024,LOC001
PUR00662,PRD0662,33,252,SUP662,PTRX00662,Online grocery dataset purchase row; last_order_date=1/24/2025,LOC002
PUR00663,PRD0663,71,108,SUP663,PTRX00663,Online grocery dataset purchase row; last_order_date=8/14/2024,LOC003
PUR00664,PRD0664,20,345,SUP664,PTRX00664,Online grocery dataset purchase row; last_order_date=12-08-24,LOC004
PUR00665,PRD0665,66,720,SUP665,PTRX00665,Online grocery dataset purchase row; last_order_date=2/16/2025,LOC005
PUR00666,PRD0666,93,126,SUP666,PTRX00666,Online grocery dataset purchase row; last_order_date=6/28/2024,LOC001
PUR00667,PRD0667,89,183,SUP667,PTRX00667,Online grocery dataset purchase row; last_order_date=04-09-24,LOC002
PUR00668,PRD0668,77,72,SUP668,PTRX00668,Online grocery dataset purchase row; last_order_date=02-12-25,LOC003
PUR00669,PRD0669,37,338,SUP669,PTRX00669,Online grocery dataset purchase row; last_order_date=12-04-24,LOC004
PUR00670,PRD0670,71,180,SUP670,PTRX00670,Online grocery dataset purchase row; last_order_date=5/17/2024,LOC005
PUR00671,PRD0671,25,720,SUP671,PTRX00671,Online grocery dataset purchase row; last_order_date=11/17/2024,LOC001
PUR00672,PRD0672,61,180,SUP672,PTRX00672,Online grocery dataset purchase row; last_order_date=9/29/2024,LOC002
PUR00673,PRD0673,33,129,SUP673,PTRX00673,Online grocery dataset purchase row; last_order_date=1/17/2025,LOC003
PUR00674,PRD0674,100,180,SUP674,PTRX00674,Online grocery dataset purchase row; last_order_date=06-05-24,LOC004
PUR00675,PRD0675,48,72,SUP675,PTRX00675,Online grocery dataset purchase row; last_order_date=12/20/2024,LOC005
PUR00676,PRD0676,49,374,SUP676,PTRX00676,Online grocery dataset purchase row; last_order_date=12-12-24,LOC001
PUR00677,PRD0677,81,360,SUP677,PTRX00677,Online grocery dataset purchase row; last_order_date=6/25/2024,LOC002
PUR00678,PRD0678,40,180,SUP678,PTRX00678,Online grocery dataset purchase row; last_order_date=12/19/2024,LOC003
PUR00679,PRD0679,67,720,SUP679,PTRX00679,Online grocery dataset purchase row; last_order_date=06-05-24,LOC004
PUR00680,PRD0680,3,720,SUP680,PTRX00680,Online grocery dataset purchase row; last_order_date=1/21/2025,LOC005
PUR00681,PRD0681,11,216,SUP681,PTRX00681,Online grocery dataset purchase row; last_order_date=05-05-24,LOC001
PUR00682,PRD0682,15,432,SUP682,PTRX00682,Online grocery dataset purchase row; last_order_date=1/25/2025,LOC002
PUR00683,PRD0683,45,180,SUP683,PTRX00683,Online grocery dataset purchase row; last_order_date=2/29/2024,LOC003
PUR00684,PRD0684,36,108,SUP684,PTRX00684,Online grocery dataset purchase row; last_order_date=07-08-24,LOC004
PUR00685,PRD0685,54,180,SUP685,PTRX00685,Online grocery dataset purchase row; last_order_date=03-06-24,LOC005
PUR00686,PRD0686,68,4791,SUP686,PTRX00686,Online grocery dataset purchase row; last_order_date=11/26/2024,LOC001
PUR00687,PRD0687,32,180,SUP687,PTRX00687,Online grocery dataset purchase row; last_order_date=10-04-24,LOC002
PUR00688,PRD0688,3,295,SUP688,PTRX00688,Online grocery dataset purchase row; last_order_date=7/26/2024,LOC003
PUR00689,PRD0689,51,684,SUP689,PTRX00689,Online grocery dataset purchase row; last_order_date=2/16/2025,LOC004
PUR00690,PRD0690,86,288,SUP690,PTRX00690,Online grocery dataset purchase row; last_order_date=2/13/2025,LOC005
PUR00691,PRD0691,73,342,SUP691,PTRX00691,Online grocery dataset purchase row; last_order_date=07-02-24,LOC001
PUR00692,PRD0692,11,504,SUP692,PTRX00692,Online grocery dataset purchase row; last_order_date=4/23/2024,LOC002
PUR00693,PRD0693,88,504,SUP693,PTRX00693,Online grocery dataset purchase row; last_order_date=06-07-24,LOC003
PUR00694,PRD0694,36,129,SUP694,PTRX00694,Online grocery dataset purchase row; last_order_date=04-10-24,LOC004
PUR00695,PRD0695,96,324,SUP695,PTRX00695,Online grocery dataset purchase row; last_order_date=02-09-25,LOC005
PUR00696,PRD0696,28,144,SUP696,PTRX00696,Online grocery dataset purchase row; last_order_date=04-01-24,LOC001
PUR00697,PRD0697,21,468,SUP697,PTRX00697,Online grocery dataset purchase row; last_order_date=7/24/2024,LOC002
PUR00698,PRD0698,75,180,SUP698,PTRX00698,Online grocery dataset purchase row; last_order_date=10/31/2024,LOC003
PUR00699,PRD0699,37,324,SUP699,PTRX00699,Online grocery dataset purchase row; last_order_date=2/27/2024,LOC004
PUR00700,PRD0700,23,3065,SUP700,PTRX00700,Online grocery dataset purchase row; last_order_date=12/15/2024,LOC005
PUR00701,PRD0701,38,180,SUP701,PTRX00701,Online grocery dataset purchase row; last_order_date=5/29/2024,LOC001
PUR00702,PRD0702,4,180,SUP702,PTRX00702,Online grocery dataset purchase row; last_order_date=1/30/2025,LOC002
PUR00703,PRD0703,68,144,SUP703,PTRX00703,Online grocery dataset purchase row; last_order_date=10-03-24,LOC003
PUR00704,PRD0704,24,14,SUP704,PTRX00704,Online grocery dataset purchase row; last_order_date=10/26/2024,LOC004
PUR00705,PRD0705,32,144,SUP705,PTRX00705,Online grocery dataset purchase row; last_order_date=1/16/2025,LOC005
PUR00706,PRD0706,24,342,SUP706,PTRX00706,Online grocery dataset purchase row; last_order_date=10/29/2024,LOC001
PUR00707,PRD0707,45,720,SUP707,PTRX00707,Online grocery dataset purchase row; last_order_date=6/25/2024,LOC002
PUR00708,PRD0708,6,518,SUP708,PTRX00708,Online grocery dataset purchase row; last_order_date=07-12-24,LOC003
PUR00709,PRD0709,67,198,SUP709,PTRX00709,Online grocery dataset purchase row; last_order_date=07-07-24,LOC004
PUR00710,PRD0710,28,1080,SUP710,PTRX00710,Online grocery dataset purchase row; last_order_date=06-08-24,LOC005
PUR00711,PRD0711,36,1800,SUP711,PTRX00711,Online grocery dataset purchase row; last_order_date=01-07-25,LOC001
PUR00712,PRD0712,61,144,SUP712,PTRX00712,Online grocery dataset purchase row; last_order_date=07-10-24,LOC002
PUR00713,PRD0713,27,1080,SUP713,PTRX00713,Online grocery dataset purchase row; last_order_date=07-09-24,LOC003
PUR00714,PRD0714,28,432,SUP714,PTRX00714,Online grocery dataset purchase row; last_order_date=02-04-25,LOC004
PUR00715,PRD0715,23,180,SUP715,PTRX00715,Online grocery dataset purchase row; last_order_date=5/29/2024,LOC005
PUR00716,PRD0716,6,360,SUP716,PTRX00716,Online grocery dataset purchase row; last_order_date=01-01-25,LOC001
PUR00717,PRD0717,75,144,SUP717,PTRX00717,Online grocery dataset purchase row; last_order_date=2/27/2024,LOC002
PUR00718,PRD0718,20,324,SUP718,PTRX00718,Online grocery dataset purchase row; last_order_date=2/22/2025,LOC003
PUR00719,PRD0719,14,144,SUP719,PTRX00719,Online grocery dataset purchase row; last_order_date=03-06-24,LOC004
PUR00720,PRD0720,15,180,SUP720,PTRX00720,Online grocery dataset purchase row; last_order_date=08-01-24,LOC005
PUR00721,PRD0721,28,194,SUP721,PTRX00721,Online grocery dataset purchase row; last_order_date=7/26/2024,LOC001
PUR00722,PRD0722,29,216,SUP722,PTRX00722,Online grocery dataset purchase row; last_order_date=3/13/2024,LOC002
PUR00723,PRD0723,25,216,SUP723,PTRX00723,Online grocery dataset purchase row; last_order_date=8/17/2024,LOC003
PUR00724,PRD0724,77,230,SUP724,PTRX00724,Online grocery dataset purchase row; last_order_date=2/27/2024,LOC004
PUR00725,PRD0725,30,108,SUP725,PTRX00725,Online grocery dataset purchase row; last_order_date=11-09-24,LOC005
PUR00726,PRD0726,34,648,SUP726,PTRX00726,Online grocery dataset purchase row; last_order_date=2/28/2024,LOC001
PUR00727,PRD0727,41,144,SUP727,PTRX00727,Online grocery dataset purchase row; last_order_date=01-11-25,LOC002
PUR00728,PRD0728,16,360,SUP728,PTRX00728,Online grocery dataset purchase row; last_order_date=06-03-24,LOC003
PUR00729,PRD0729,45,252,SUP729,PTRX00729,Online grocery dataset purchase row; last_order_date=11/17/2024,LOC004
PUR00730,PRD0730,77,180,SUP730,PTRX00730,Online grocery dataset purchase row; last_order_date=9/17/2024,LOC005
PUR00731,PRD0731,71,144,SUP731,PTRX00731,Online grocery dataset purchase row; last_order_date=07-09-24,LOC001
PUR00732,PRD0732,5,288,SUP732,PTRX00732,Online grocery dataset purchase row; last_order_date=3/30/2024,LOC002
PUR00733,PRD0733,76,720,SUP733,PTRX00733,Online grocery dataset purchase row; last_order_date=04-10-24,LOC003
PUR00734,PRD0734,46,180,SUP734,PTRX00734,Online grocery dataset purchase row; last_order_date=3/21/2024,LOC004
PUR00735,PRD0735,29,129,SUP735,PTRX00735,Online grocery dataset purchase row; last_order_date=5/23/2024,LOC005
PUR00736,PRD0736,9,1296,SUP736,PTRX00736,Online grocery dataset purchase row; last_order_date=12/28/2024,LOC001
PUR00737,PRD0737,45,720,SUP737,PTRX00737,Online grocery dataset purchase row; last_order_date=02-03-25,LOC002
PUR00738,PRD0738,9,324,SUP738,PTRX00738,Online grocery dataset purchase row; last_order_date=03-06-24,LOC003
PUR00739,PRD0739,4,14,SUP739,PTRX00739,Online grocery dataset purchase row; last_order_date=3/17/2024,LOC004
PUR00740,PRD0740,40,360,SUP740,PTRX00740,Online grocery dataset purchase row; last_order_date=05-11-24,LOC005
PUR00741,PRD0741,20,439,SUP741,PTRX00741,Online grocery dataset purchase row; last_order_date=7/30/2024,LOC001
PUR00742,PRD0742,64,504,SUP742,PTRX00742,Online grocery dataset purchase row; last_order_date=08-12-24,LOC002
PUR00743,PRD0743,24,288,SUP743,PTRX00743,Online grocery dataset purchase row; last_order_date=12-12-24,LOC003
PUR00744,PRD0744,12,1080,SUP744,PTRX00744,Online grocery dataset purchase row; last_order_date=06-04-24,LOC004
PUR00745,PRD0745,65,144,SUP745,PTRX00745,Online grocery dataset purchase row; last_order_date=4/30/2024,LOC005
PUR00746,PRD0746,98,457,SUP746,PTRX00746,Online grocery dataset purchase row; last_order_date=8/31/2024,LOC001
PUR00747,PRD0747,86,198,SUP747,PTRX00747,Online grocery dataset purchase row; last_order_date=01-01-25,LOC002
PUR00748,PRD0748,79,360,SUP748,PTRX00748,Online grocery dataset purchase row; last_order_date=1/16/2025,LOC003
PUR00749,PRD0749,53,381,SUP749,PTRX00749,Online grocery dataset purchase row; last_order_date=05-01-24,LOC004
PUR00750,PRD0750,99,216,SUP750,PTRX00750,Online grocery dataset purchase row; last_order_date=01-12-25,LOC005
PUR00751,PRD0751,96,453,SUP751,PTRX00751,Online grocery dataset purchase row; last_order_date=12/19/2024,LOC001
PUR00752,PRD0752,71,324,SUP752,PTRX00752,Online grocery dataset purchase row; last_order_date=9/29/2024,LOC002
PUR00753,PRD0753,37,176,SUP753,PTRX00753,Online grocery dataset purchase row; last_order_date=03-02-24,LOC003
PUR00754,PRD0754,35,648,SUP754,PTRX00754,Online grocery dataset purchase row; last_order_date=6/24/2024,LOC004
PUR00755,PRD0755,47,720,SUP755,PTRX00755,Online grocery dataset purchase row; last_order_date=06-11-24,LOC005
PUR00756,PRD0756,34,180,SUP756,PTRX00756,Online grocery dataset purchase row; last_order_date=09-04-24,LOC001
PUR00757,PRD0757,12,432,SUP757,PTRX00757,Online grocery dataset purchase row; last_order_date=11/28/2024,LOC002
PUR00758,PRD0758,77,1440,SUP758,PTRX00758,Online grocery dataset purchase row; last_order_date=12/16/2024,LOC003
PUR00759,PRD0759,32,288,SUP759,PTRX00759,Online grocery dataset purchase row; last_order_date=07-09-24,LOC004
PUR00760,PRD0760,49,1080,SUP760,PTRX00760,Online grocery dataset purchase row; last_order_date=12/29/2024,LOC005
PUR00761,PRD0761,76,288,SUP761,PTRX00761,Online grocery dataset purchase row; last_order_date=8/22/2024,LOC001
PUR00762,PRD0762,64,540,SUP762,PTRX00762,Online grocery dataset purchase row; last_order_date=8/26/2024,LOC002
PUR00763,PRD0763,69,288,SUP763,PTRX00763,Online grocery dataset purchase row; last_order_date=7/14/2024,LOC003
PUR00764,PRD0764,28,468,SUP764,PTRX00764,Online grocery dataset purchase row; last_order_date=11/19/2024,LOC004
PUR00765,PRD0765,94,1080,SUP765,PTRX00765,Online grocery dataset purchase row; last_order_date=9/24/2024,LOC005
PUR00766,PRD0766,42,360,SUP766,PTRX00766,Online grocery dataset purchase row; last_order_date=7/29/2024,LOC001
PUR00767,PRD0767,60,342,SUP767,PTRX00767,Online grocery dataset purchase row; last_order_date=8/23/2024,LOC002
PUR00768,PRD0768,12,702,SUP768,PTRX00768,Online grocery dataset purchase row; last_order_date=11/25/2024,LOC003
PUR00769,PRD0769,69,86,SUP769,PTRX00769,Online grocery dataset purchase row; last_order_date=02-03-25,LOC004
PUR00770,PRD0770,52,172,SUP770,PTRX00770,Online grocery dataset purchase row; last_order_date=5/16/2024,LOC005
PUR00771,PRD0771,60,1080,SUP771,PTRX00771,Online grocery dataset purchase row; last_order_date=10/23/2024,LOC001
PUR00772,PRD0772,92,252,SUP772,PTRX00772,Online grocery dataset purchase row; last_order_date=06-01-24,LOC002
PUR00773,PRD0773,86,144,SUP773,PTRX00773,Online grocery dataset purchase row; last_order_date=5/19/2024,LOC003
PUR00774,PRD0774,23,1072,SUP774,PTRX00774,Online grocery dataset purchase row; last_order_date=5/23/2024,LOC004
PUR00775,PRD0775,98,324,SUP775,PTRX00775,Online grocery dataset purchase row; last_order_date=03-02-24,LOC005
PUR00776,PRD0776,80,489,SUP776,PTRX00776,Online grocery dataset purchase row; last_order_date=7/13/2024,LOC001
PUR00777,PRD0777,82,216,SUP777,PTRX00777,Online grocery dataset purchase row; last_order_date=3/25/2024,LOC002
PUR00778,PRD0778,65,144,SUP778,PTRX00778,Online grocery dataset purchase row; last_order_date=12/30/2024,LOC003
PUR00779,PRD0779,62,504,SUP779,PTRX00779,Online grocery dataset purchase row; last_order_date=05-04-24,LOC004
PUR00780,PRD0780,90,144,SUP780,PTRX00780,Online grocery dataset purchase row; last_order_date=05-09-24,LOC005
PUR00781,PRD0781,43,648,SUP781,PTRX00781,Online grocery dataset purchase row; last_order_date=06-06-24,LOC001
PUR00782,PRD0782,91,684,SUP782,PTRX00782,Online grocery dataset purchase row; last_order_date=1/22/2025,LOC002
PUR00783,PRD0783,60,180,SUP783,PTRX00783,Online grocery dataset purchase row; last_order_date=05-06-24,LOC003
PUR00784,PRD0784,30,288,SUP784,PTRX00784,Online grocery dataset purchase row; last_order_date=10/25/2024,LOC004
PUR00785,PRD0785,46,180,SUP785,PTRX00785,Online grocery dataset purchase row; last_order_date=12-01-24,LOC005
PUR00786,PRD0786,57,136,SUP786,PTRX00786,Online grocery dataset purchase row; last_order_date=10/25/2024,LOC001
PUR00787,PRD0787,23,169,SUP787,PTRX00787,Online grocery dataset purchase row; last_order_date=11/22/2024,LOC002
PUR00788,PRD0788,42,1818,SUP788,PTRX00788,Online grocery dataset purchase row; last_order_date=08-05-24,LOC003
PUR00789,PRD0789,17,72,SUP789,PTRX00789,Online grocery dataset purchase row; last_order_date=6/17/2024,LOC004
PUR00790,PRD0790,3,342,SUP790,PTRX00790,Online grocery dataset purchase row; last_order_date=07-04-24,LOC005
PUR00791,PRD0791,41,432,SUP791,PTRX00791,Online grocery dataset purchase row; last_order_date=05-02-24,LOC001
PUR00792,PRD0792,67,180,SUP792,PTRX00792,Online grocery dataset purchase row; last_order_date=10-08-24,LOC002
PUR00793,PRD0793,81,108,SUP793,PTRX00793,Online grocery dataset purchase row; last_order_date=11/23/2024,LOC003
PUR00794,PRD0794,78,129,SUP794,PTRX00794,Online grocery dataset purchase row; last_order_date=01-07-25,LOC004
PUR00795,PRD0795,31,684,SUP795,PTRX00795,Online grocery dataset purchase row; last_order_date=1/23/2025,LOC005
PUR00796,PRD0796,52,360,SUP796,PTRX00796,Online grocery dataset purchase row; last_order_date=1/31/2025,LOC001
PUR00797,PRD0797,45,144,SUP797,PTRX00797,Online grocery dataset purchase row; last_order_date=6/22/2024,LOC002
PUR00798,PRD0798,10,288,SUP798,PTRX00798,Online grocery dataset purchase row; last_order_date=5/27/2024,LOC003
PUR00799,PRD0799,22,450,SUP799,PTRX00799,Online grocery dataset purchase row; last_order_date=12-01-24,LOC004
PUR00800,PRD0800,86,1080,SUP800,PTRX00800,Online grocery dataset purchase row; last_order_date=3/20/2024,LOC005
PUR00801,PRD0801,85,302,SUP801,PTRX00801,Online grocery dataset purchase row; last_order_date=10/31/2024,LOC001
PUR00802,PRD0802,4,432,SUP802,PTRX00802,Online grocery dataset purchase row; last_order_date=6/15/2024,LOC002
PUR00803,PRD0803,54,432,SUP803,PTRX00803,Online grocery dataset purchase row; last_order_date=6/13/2024,LOC003
PUR00804,PRD0804,88,86,SUP804,PTRX00804,Online grocery dataset purchase row; last_order_date=2/29/2024,LOC004
PUR00805,PRD0805,13,180,SUP805,PTRX00805,Online grocery dataset purchase row; last_order_date=2/19/2025,LOC005
PUR00806,PRD0806,21,144,SUP806,PTRX00806,Online grocery dataset purchase row; last_order_date=4/23/2024,LOC001
PUR00807,PRD0807,4,72,SUP807,PTRX00807,Online grocery dataset purchase row; last_order_date=11-05-24,LOC002
PUR00808,PRD0808,9,129,SUP808,PTRX00808,Online grocery dataset purchase row; last_order_date=1/16/2025,LOC003
PUR00809,PRD0809,96,1296,SUP809,PTRX00809,Online grocery dataset purchase row; last_order_date=07-02-24,LOC004
PUR00810,PRD0810,15,144,SUP810,PTRX00810,Online grocery dataset purchase row; last_order_date=6/23/2024,LOC005
PUR00811,PRD0811,62,180,SUP811,PTRX00811,Online grocery dataset purchase row; last_order_date=12/30/2024,LOC001
PUR00812,PRD0812,44,432,SUP812,PTRX00812,Online grocery dataset purchase row; last_order_date=04-03-24,LOC002
PUR00813,PRD0813,95,720,SUP813,PTRX00813,Online grocery dataset purchase row; last_order_date=05-08-24,LOC003
PUR00814,PRD0814,43,396,SUP814,PTRX00814,Online grocery dataset purchase row; last_order_date=5/24/2024,LOC004
PUR00815,PRD0815,80,288,SUP815,PTRX00815,Online grocery dataset purchase row; last_order_date=12-02-24,LOC005
PUR00816,PRD0816,18,360,SUP816,PTRX00816,Online grocery dataset purchase row; last_order_date=10/17/2024,LOC001
PUR00817,PRD0817,3,2160,SUP817,PTRX00817,Online grocery dataset purchase row; last_order_date=08-09-24,LOC002
PUR00818,PRD0818,20,126,SUP818,PTRX00818,Online grocery dataset purchase row; last_order_date=2/19/2025,LOC003
PUR00819,PRD0819,94,684,SUP819,PTRX00819,Online grocery dataset purchase row; last_order_date=10/25/2024,LOC004
PUR00820,PRD0820,49,144,SUP820,PTRX00820,Online grocery dataset purchase row; last_order_date=1/25/2025,LOC005
PUR00821,PRD0821,86,1440,SUP821,PTRX00821,Online grocery dataset purchase row; last_order_date=5/17/2024,LOC001
PUR00822,PRD0822,17,252,SUP822,PTRX00822,Online grocery dataset purchase row; last_order_date=10-05-24,LOC002
PUR00823,PRD0823,63,165,SUP823,PTRX00823,Online grocery dataset purchase row; last_order_date=6/22/2024,LOC003
PUR00824,PRD0824,87,504,SUP824,PTRX00824,Online grocery dataset purchase row; last_order_date=12/23/2024,LOC004
PUR00825,PRD0825,10,144,SUP825,PTRX00825,Online grocery dataset purchase row; last_order_date=7/31/2024,LOC005
PUR00826,PRD0826,62,453,SUP826,PTRX00826,Online grocery dataset purchase row; last_order_date=6/19/2024,LOC001
PUR00827,PRD0827,28,396,SUP827,PTRX00827,Online grocery dataset purchase row; last_order_date=02-08-25,LOC002
PUR00828,PRD0828,48,144,SUP828,PTRX00828,Online grocery dataset purchase row; last_order_date=8/26/2024,LOC003
PUR00829,PRD0829,65,252,SUP829,PTRX00829,Online grocery dataset purchase row; last_order_date=3/15/2024,LOC004
PUR00830,PRD0830,57,108,SUP830,PTRX00830,Online grocery dataset purchase row; last_order_date=03-04-24,LOC005
PUR00831,PRD0831,98,856,SUP831,PTRX00831,Online grocery dataset purchase row; last_order_date=12/17/2024,LOC001
PUR00832,PRD0832,57,288,SUP832,PTRX00832,Online grocery dataset purchase row; last_order_date=7/22/2024,LOC002
PUR00833,PRD0833,79,180,SUP833,PTRX00833,Online grocery dataset purchase row; last_order_date=12/21/2024,LOC003
PUR00834,PRD0834,73,180,SUP834,PTRX00834,Online grocery dataset purchase row; last_order_date=4/22/2024,LOC004
PUR00835,PRD0835,72,144,SUP835,PTRX00835,Online grocery dataset purchase row; last_order_date=04-12-24,LOC005
PUR00836,PRD0836,71,126,SUP836,PTRX00836,Online grocery dataset purchase row; last_order_date=05-03-24,LOC001
PUR00837,PRD0837,90,216,SUP837,PTRX00837,Online grocery dataset purchase row; last_order_date=12-09-24,LOC002
PUR00838,PRD0838,7,108,SUP838,PTRX00838,Online grocery dataset purchase row; last_order_date=11-05-24,LOC003
PUR00839,PRD0839,50,288,SUP839,PTRX00839,Online grocery dataset purchase row; last_order_date=09-03-24,LOC004
PUR00840,PRD0840,8,108,SUP840,PTRX00840,Online grocery dataset purchase row; last_order_date=4/20/2024,LOC005
PUR00841,PRD0841,43,108,SUP841,PTRX00841,Online grocery dataset purchase row; last_order_date=9/18/2024,LOC001
PUR00842,PRD0842,40,234,SUP842,PTRX00842,Online grocery dataset purchase row; last_order_date=01-12-25,LOC002
PUR00843,PRD0843,84,288,SUP843,PTRX00843,Online grocery dataset purchase row; last_order_date=4/19/2024,LOC003
PUR00844,PRD0844,68,288,SUP844,PTRX00844,Online grocery dataset purchase row; last_order_date=1/16/2025,LOC004
PUR00845,PRD0845,92,352,SUP845,PTRX00845,Online grocery dataset purchase row; last_order_date=7/25/2024,LOC005
PUR00846,PRD0846,5,288,SUP846,PTRX00846,Online grocery dataset purchase row; last_order_date=6/15/2024,LOC001
PUR00847,PRD0847,1,180,SUP847,PTRX00847,Online grocery dataset purchase row; last_order_date=12-07-24,LOC002
PUR00848,PRD0848,10,576,SUP848,PTRX00848,Online grocery dataset purchase row; last_order_date=04-07-24,LOC003
PUR00849,PRD0849,55,432,SUP849,PTRX00849,Online grocery dataset purchase row; last_order_date=8/27/2024,LOC004
PUR00850,PRD0850,70,360,SUP850,PTRX00850,Online grocery dataset purchase row; last_order_date=9/19/2024,LOC005
PUR00851,PRD0851,70,1440,SUP851,PTRX00851,Online grocery dataset purchase row; last_order_date=04-04-24,LOC001
PUR00852,PRD0852,29,126,SUP852,PTRX00852,Online grocery dataset purchase row; last_order_date=12-06-24,LOC002
PUR00853,PRD0853,1,648,SUP853,PTRX00853,Online grocery dataset purchase row; last_order_date=5/19/2024,LOC003
PUR00854,PRD0854,90,540,SUP854,PTRX00854,Online grocery dataset purchase row; last_order_date=08-11-24,LOC004
PUR00855,PRD0855,97,144,SUP855,PTRX00855,Online grocery dataset purchase row; last_order_date=04-06-24,LOC005
PUR00856,PRD0856,100,144,SUP856,PTRX00856,Online grocery dataset purchase row; last_order_date=10/30/2024,LOC001
PUR00857,PRD0857,21,576,SUP857,PTRX00857,Online grocery dataset purchase row; last_order_date=07-11-24,LOC002
PUR00858,PRD0858,26,360,SUP858,PTRX00858,Online grocery dataset purchase row; last_order_date=11/20/2024,LOC003
PUR00859,PRD0859,48,324,SUP859,PTRX00859,Online grocery dataset purchase row; last_order_date=10/17/2024,LOC004
PUR00860,PRD0860,67,126,SUP860,PTRX00860,Online grocery dataset purchase row; last_order_date=07-07-24,LOC005
PUR00861,PRD0861,26,446,SUP861,PTRX00861,Online grocery dataset purchase row; last_order_date=12-03-24,LOC001
PUR00862,PRD0862,64,198,SUP862,PTRX00862,Online grocery dataset purchase row; last_order_date=03-09-24,LOC002
PUR00863,PRD0863,9,252,SUP863,PTRX00863,Online grocery dataset purchase row; last_order_date=08-03-24,LOC003
PUR00864,PRD0864,62,432,SUP864,PTRX00864,Online grocery dataset purchase row; last_order_date=8/22/2024,LOC004
PUR00865,PRD0865,87,165,SUP865,PTRX00865,Online grocery dataset purchase row; last_order_date=10/23/2024,LOC005
PUR00866,PRD0866,100,576,SUP866,PTRX00866,Online grocery dataset purchase row; last_order_date=04-08-24,LOC001
PUR00867,PRD0867,47,288,SUP867,PTRX00867,Online grocery dataset purchase row; last_order_date=12-12-24,LOC002
PUR00868,PRD0868,74,180,SUP868,PTRX00868,Online grocery dataset purchase row; last_order_date=07-11-24,LOC003
PUR00869,PRD0869,39,360,SUP869,PTRX00869,Online grocery dataset purchase row; last_order_date=2/16/2025,LOC004
PUR00870,PRD0870,47,180,SUP870,PTRX00870,Online grocery dataset purchase row; last_order_date=09-11-24,LOC005
PUR00871,PRD0871,39,1476,SUP871,PTRX00871,Online grocery dataset purchase row; last_order_date=8/26/2024,LOC001
PUR00872,PRD0872,75,165,SUP872,PTRX00872,Online grocery dataset purchase row; last_order_date=10-01-24,LOC002
PUR00873,PRD0873,4,648,SUP873,PTRX00873,Online grocery dataset purchase row; last_order_date=4/14/2024,LOC003
PUR00874,PRD0874,44,14,SUP874,PTRX00874,Online grocery dataset purchase row; last_order_date=03-03-24,LOC004
PUR00875,PRD0875,64,198,SUP875,PTRX00875,Online grocery dataset purchase row; last_order_date=07-02-24,LOC005
PUR00876,PRD0876,13,144,SUP876,PTRX00876,Online grocery dataset purchase row; last_order_date=03-02-24,LOC001
PUR00877,PRD0877,92,684,SUP877,PTRX00877,Online grocery dataset purchase row; last_order_date=12/15/2024,LOC002
PUR00878,PRD0878,39,720,SUP878,PTRX00878,Online grocery dataset purchase row; last_order_date=4/14/2024,LOC003
PUR00879,PRD0879,99,342,SUP879,PTRX00879,Online grocery dataset purchase row; last_order_date=3/28/2024,LOC004
PUR00880,PRD0880,11,180,SUP880,PTRX00880,Online grocery dataset purchase row; last_order_date=12-01-24,LOC005
PUR00881,PRD0881,71,180,SUP881,PTRX00881,Online grocery dataset purchase row; last_order_date=05-02-24,LOC001
PUR00882,PRD0882,25,129,SUP882,PTRX00882,Online grocery dataset purchase row; last_order_date=8/20/2024,LOC002
PUR00883,PRD0883,37,144,SUP883,PTRX00883,Online grocery dataset purchase row; last_order_date=03-07-24,LOC003
PUR00884,PRD0884,90,835,SUP884,PTRX00884,Online grocery dataset purchase row; last_order_date=9/30/2024,LOC004
PUR00885,PRD0885,78,57,SUP885,PTRX00885,Online grocery dataset purchase row; last_order_date=03-07-24,LOC005
PUR00886,PRD0886,84,360,SUP886,PTRX00886,Online grocery dataset purchase row; last_order_date=3/21/2024,LOC001
PUR00887,PRD0887,96,720,SUP887,PTRX00887,Online grocery dataset purchase row; last_order_date=07-09-24,LOC002
PUR00888,PRD0888,52,702,SUP888,PTRX00888,Online grocery dataset purchase row; last_order_date=07-09-24,LOC003
PUR00889,PRD0889,28,151,SUP889,PTRX00889,Online grocery dataset purchase row; last_order_date=07-09-24,LOC004
PUR00890,PRD0890,23,432,SUP890,PTRX00890,Online grocery dataset purchase row; last_order_date=2/17/2025,LOC005
PUR00891,PRD0891,75,504,SUP891,PTRX00891,Online grocery dataset purchase row; last_order_date=8/19/2024,LOC001
PUR00892,PRD0892,92,720,SUP892,PTRX00892,Online grocery dataset purchase row; last_order_date=4/23/2024,LOC002
PUR00893,PRD0893,66,360,SUP893,PTRX00893,Online grocery dataset purchase row; last_order_date=12/20/2024,LOC003
PUR00894,PRD0894,96,468,SUP894,PTRX00894,Online grocery dataset purchase row; last_order_date=08-12-24,LOC004
PUR00895,PRD0895,23,360,SUP895,PTRX00895,Online grocery dataset purchase row; last_order_date=07-04-24,LOC005
PUR00896,PRD0896,78,648,SUP896,PTRX00896,Online grocery dataset purchase row; last_order_date=2/17/2025,LOC001
PUR00897,PRD0897,64,288,SUP897,PTRX00897,Online grocery dataset purchase row; last_order_date=02-12-25,LOC002
PUR00898,PRD0898,8,576,SUP898,PTRX00898,Online grocery dataset purchase row; last_order_date=5/24/2024,LOC003
PUR00899,PRD0899,34,864,SUP899,PTRX00899,Online grocery dataset purchase row; last_order_date=10-04-24,LOC004
PUR00900,PRD0900,8,468,SUP900,PTRX00900,Online grocery dataset purchase row; last_order_date=11-06-24,LOC005
PUR00901,PRD0901,68,1440,SUP901,PTRX00901,Online grocery dataset purchase row; last_order_date=11/29/2024,LOC001
PUR00902,PRD0902,89,342,SUP902,PTRX00902,Online grocery dataset purchase row; last_order_date=09-05-24,LOC002
PUR00903,PRD0903,81,342,SUP903,PTRX00903,Online grocery dataset purchase row; last_order_date=07-10-24,LOC003
PUR00904,PRD0904,95,288,SUP904,PTRX00904,Online grocery dataset purchase row; last_order_date=6/26/2024,LOC004
PUR00905,PRD0905,50,129,SUP905,PTRX00905,Online grocery dataset purchase row; last_order_date=7/22/2024,LOC005
PUR00906,PRD0906,96,1440,SUP906,PTRX00906,Online grocery dataset purchase row; last_order_date=4/28/2024,LOC001
PUR00907,PRD0907,62,360,SUP907,PTRX00907,Online grocery dataset purchase row; last_order_date=11/27/2024,LOC002
PUR00908,PRD0908,89,864,SUP908,PTRX00908,Online grocery dataset purchase row; last_order_date=01-05-25,LOC003
PUR00909,PRD0909,87,129,SUP909,PTRX00909,Online grocery dataset purchase row; last_order_date=05-03-24,LOC004
PUR00910,PRD0910,74,151,SUP910,PTRX00910,Online grocery dataset purchase row; last_order_date=12/21/2024,LOC005
PUR00911,PRD0911,20,172,SUP911,PTRX00911,Online grocery dataset purchase row; last_order_date=09-07-24,LOC001
PUR00912,PRD0912,7,432,SUP912,PTRX00912,Online grocery dataset purchase row; last_order_date=10/26/2024,LOC002
PUR00913,PRD0913,97,108,SUP913,PTRX00913,Online grocery dataset purchase row; last_order_date=12/18/2024,LOC003
PUR00914,PRD0914,43,432,SUP914,PTRX00914,Online grocery dataset purchase row; last_order_date=07-05-24,LOC004
PUR00915,PRD0915,78,198,SUP915,PTRX00915,Online grocery dataset purchase row; last_order_date=5/28/2024,LOC005
PUR00916,PRD0916,87,338,SUP916,PTRX00916,Online grocery dataset purchase row; last_order_date=10-12-24,LOC001
PUR00917,PRD0917,52,144,SUP917,PTRX00917,Online grocery dataset purchase row; last_order_date=03-10-24,LOC002
PUR00918,PRD0918,48,864,SUP918,PTRX00918,Online grocery dataset purchase row; last_order_date=10-12-24,LOC003
PUR00919,PRD0919,33,180,SUP919,PTRX00919,Online grocery dataset purchase row; last_order_date=06-07-24,LOC004
PUR00920,PRD0920,23,396,SUP920,PTRX00920,Online grocery dataset purchase row; last_order_date=6/25/2024,LOC005
PUR00921,PRD0921,71,144,SUP921,PTRX00921,Online grocery dataset purchase row; last_order_date=6/15/2024,LOC001
PUR00922,PRD0922,50,144,SUP922,PTRX00922,Online grocery dataset purchase row; last_order_date=7/30/2024,LOC002
PUR00923,PRD0923,94,360,SUP923,PTRX00923,Online grocery dataset purchase row; last_order_date=11-12-24,LOC003
PUR00924,PRD0924,40,648,SUP924,PTRX00924,Online grocery dataset purchase row; last_order_date=8/27/2024,LOC004
PUR00925,PRD0925,74,72,SUP925,PTRX00925,Online grocery dataset purchase row; last_order_date=8/17/2024,LOC005
PUR00926,PRD0926,1,360,SUP926,PTRX00926,Online grocery dataset purchase row; last_order_date=5/14/2024,LOC001
PUR00927,PRD0927,89,288,SUP927,PTRX00927,Online grocery dataset purchase row; last_order_date=2/21/2025,LOC002
PUR00928,PRD0928,44,432,SUP928,PTRX00928,Online grocery dataset purchase row; last_order_date=11-08-24,LOC003
PUR00929,PRD0929,59,180,SUP929,PTRX00929,Online grocery dataset purchase row; last_order_date=8/15/2024,LOC004
PUR00930,PRD0930,16,180,SUP930,PTRX00930,Online grocery dataset purchase row; last_order_date=07-11-24,LOC005
PUR00931,PRD0931,65,504,SUP931,PTRX00931,Online grocery dataset purchase row; last_order_date=07-12-24,LOC001
PUR00932,PRD0932,70,720,SUP932,PTRX00932,Online grocery dataset purchase row; last_order_date=06-12-24,LOC002
PUR00933,PRD0933,60,180,SUP933,PTRX00933,Online grocery dataset purchase row; last_order_date=11/13/2024,LOC003
PUR00934,PRD0934,13,252,SUP934,PTRX00934,Online grocery dataset purchase row; last_order_date=5/23/2024,LOC004
PUR00935,PRD0935,18,144,SUP935,PTRX00935,Online grocery dataset purchase row; last_order_date=4/19/2024,LOC005
PUR00936,PRD0936,23,180,SUP936,PTRX00936,Online grocery dataset purchase row; last_order_date=10-02-24,LOC001
PUR00937,PRD0937,17,450,SUP937,PTRX00937,Online grocery dataset purchase row; last_order_date=05-08-24,LOC002
PUR00938,PRD0938,11,342,SUP938,PTRX00938,Online grocery dataset purchase row; last_order_date=8/16/2024,LOC003
PUR00939,PRD0939,31,180,SUP939,PTRX00939,Online grocery dataset purchase row; last_order_date=3/18/2024,LOC004
PUR00940,PRD0940,27,252,SUP940,PTRX00940,Online grocery dataset purchase row; last_order_date=10-05-24,LOC005
PUR00941,PRD0941,35,144,SUP941,PTRX00941,Online grocery dataset purchase row; last_order_date=11-07-24,LOC001
PUR00942,PRD0942,71,104,SUP942,PTRX00942,Online grocery dataset purchase row; last_order_date=3/18/2024,LOC002
PUR00943,PRD0943,95,180,SUP943,PTRX00943,Online grocery dataset purchase row; last_order_date=1/28/2025,LOC003
PUR00944,PRD0944,54,144,SUP944,PTRX00944,Online grocery dataset purchase row; last_order_date=2/24/2025,LOC004
PUR00945,PRD0945,81,129,SUP945,PTRX00945,Online grocery dataset purchase row; last_order_date=10-03-24,LOC005
PUR00946,PRD0946,29,864,SUP946,PTRX00946,Online grocery dataset purchase row; last_order_date=11/29/2024,LOC001
PUR00947,PRD0947,94,324,SUP947,PTRX00947,Online grocery dataset purchase row; last_order_date=01-06-25,LOC002
PUR00948,PRD0948,69,180,SUP948,PTRX00948,Online grocery dataset purchase row; last_order_date=3/31/2024,LOC003
PUR00949,PRD0949,84,324,SUP949,PTRX00949,Online grocery dataset purchase row; last_order_date=10/15/2024,LOC004
PUR00950,PRD0950,43,165,SUP950,PTRX00950,Online grocery dataset purchase row; last_order_date=05-03-24,LOC005
PUR00951,PRD0951,1,288,SUP951,PTRX00951,Online grocery dataset purchase row; last_order_date=3/28/2024,LOC001
PUR00952,PRD0952,14,180,SUP952,PTRX00952,Online grocery dataset purchase row; last_order_date=5/31/2024,LOC002
PUR00953,PRD0953,92,252,SUP953,PTRX00953,Online grocery dataset purchase row; last_order_date=01-11-25,LOC003
PUR00954,PRD0954,39,288,SUP954,PTRX00954,Online grocery dataset purchase row; last_order_date=09-10-24,LOC004
PUR00955,PRD0955,48,360,SUP955,PTRX00955,Online grocery dataset purchase row; last_order_date=12/21/2024,LOC005
PUR00956,PRD0956,66,1296,SUP956,PTRX00956,Online grocery dataset purchase row; last_order_date=11/24/2024,LOC001
PUR00957,PRD0957,69,181,SUP957,PTRX00957,Online grocery dataset purchase row; last_order_date=05-07-24,LOC002
PUR00958,PRD0958,99,108,SUP958,PTRX00958,Online grocery dataset purchase row; last_order_date=3/13/2024,LOC003
PUR00959,PRD0959,28,144,SUP959,PTRX00959,Online grocery dataset purchase row; last_order_date=12/23/2024,LOC004
PUR00960,PRD0960,98,180,SUP960,PTRX00960,Online grocery dataset purchase row; last_order_date=10-07-24,LOC005
PUR00961,PRD0961,95,234,SUP961,PTRX00961,Online grocery dataset purchase row; last_order_date=03-05-24,LOC001
PUR00962,PRD0962,71,320,SUP962,PTRX00962,Online grocery dataset purchase row; last_order_date=10/22/2024,LOC002
PUR00963,PRD0963,80,288,SUP963,PTRX00963,Online grocery dataset purchase row; last_order_date=11-03-24,LOC003
PUR00964,PRD0964,18,14,SUP964,PTRX00964,Online grocery dataset purchase row; last_order_date=04-02-24,LOC004
PUR00965,PRD0965,54,86,SUP965,PTRX00965,Online grocery dataset purchase row; last_order_date=03-06-24,LOC005
PUR00966,PRD0966,39,144,SUP966,PTRX00966,Online grocery dataset purchase row; last_order_date=04-05-24,LOC001
PUR00967,PRD0967,15,216,SUP967,PTRX00967,Online grocery dataset purchase row; last_order_date=5/29/2024,LOC002
PUR00968,PRD0968,43,14,SUP968,PTRX00968,Online grocery dataset purchase row; last_order_date=8/26/2024,LOC003
PUR00969,PRD0969,80,720,SUP969,PTRX00969,Online grocery dataset purchase row; last_order_date=8/28/2024,LOC004
PUR00970,PRD0970,80,252,SUP970,PTRX00970,Online grocery dataset purchase row; last_order_date=10-02-24,LOC005
PUR00971,PRD0971,72,288,SUP971,PTRX00971,Online grocery dataset purchase row; last_order_date=06-08-24,LOC001
PUR00972,PRD0972,2,216,SUP972,PTRX00972,Online grocery dataset purchase row; last_order_date=11/29/2024,LOC002
PUR00973,PRD0973,49,648,SUP973,PTRX00973,Online grocery dataset purchase row; last_order_date=10/24/2024,LOC003
PUR00974,PRD0974,65,1440,SUP974,PTRX00974,Online grocery dataset purchase row; last_order_date=10/19/2024,LOC004
PUR00975,PRD0975,17,144,SUP975,PTRX00975,Online grocery dataset purchase row; last_order_date=3/21/2024,LOC005
PUR00976,PRD0976,80,216,SUP976,PTRX00976,Online grocery dataset purchase row; last_order_date=7/17/2024,LOC001
PUR00977,PRD0977,28,576,SUP977,PTRX00977,Online grocery dataset purchase row; last_order_date=1/14/2025,LOC002
PUR00978,PRD0978,19,136,SUP978,PTRX00978,Online grocery dataset purchase row; last_order_date=05-11-24,LOC003
PUR00979,PRD0979,27,720,SUP979,PTRX00979,Online grocery dataset purchase row; last_order_date=10/15/2024,LOC004
PUR00980,PRD0980,21,504,SUP980,PTRX00980,Online grocery dataset purchase row; last_order_date=12/25/2024,LOC005
PUR00981,PRD0981,96,342,SUP981,PTRX00981,Online grocery dataset purchase row; last_order_date=04-10-24,LOC001
PUR00982,PRD0982,62,324,SUP982,PTRX00982,Online grocery dataset purchase row; last_order_date=3/25/2024,LOC002
PUR00983,PRD0983,66,864,SUP983,PTRX00983,Online grocery dataset purchase row; last_order_date=12/21/2024,LOC003
PUR00984,PRD0984,94,172,SUP984,PTRX00984,Online grocery dataset purchase row; last_order_date=2/20/2025,LOC004
PUR00985,PRD0985,65,324,SUP985,PTRX00985,Online grocery dataset purchase row; last_order_date=3/19/2024,LOC005
PUR00986,PRD0986,17,180,SUP986,PTRX00986,Online grocery dataset purchase row; last_order_date=12/28/2024,LOC001
PUR00987,PRD0987,89,648,SUP987,PTRX00987,Online grocery dataset purchase row; last_order_date=06-02-24,LOC002
PUR00988,PRD0988,12,64,SUP988,PTRX00988,Online grocery dataset purchase row; last_order_date=10/24/2024,LOC003
PUR00989,PRD0989,52,720,SUP989,PTRX00989,Online grocery dataset purchase row; last_order_date=12-07-24,LOC004
PUR00990,PRD0990,83,324,SUP990,PTRX00990,Online grocery dataset purchase row; last_order_date=03-01-24,LOC005
