sale_id,transaction_id,product_id,quantity,unit_price,unit_cost,discount_percent,reorder_level,region,customer_type,customer_name,payment_method,note,location_id
SAL000001,STRX000001,PRD0001,32,450,324,0,72,,,,,Online grocery dataset sales row; status=Discontinued; turnover=19,LOC001
SAL000002,STRX000002,PRD0002,85,2000,1440,0,77,,,,,Online grocery dataset sales row; status=Discontinued; turnover=1,LOC002
SAL000003,STRX000003,PRD0003,31,600,432,0,38,,,,,Online grocery dataset sales row; status=Backordered; turnover=34,LOC003
SAL000004,STRX000004,PRD0004,95,150,108,0,59,,,,,Online grocery dataset sales row; status=Active; turnover=99,LOC004
SAL000005,STRX000005,PRD0005,62,400,288,0,30,,,,,Online grocery dataset sales row; status=Backordered; turnover=25,LOC005
SAL000006,STRX000006,PRD0006,34,175,126,0,33,,,,,Online grocery dataset sales row; status=Discontinued; turnover=62,LOC001
SAL000007,STRX000007,PRD0007,67,250,180,0,52,,,,,Online grocery dataset sales row; status=Active; turnover=13,LOC002
SAL000008,STRX000008,PRD0008,21,250,180,0,90,,,,,Online grocery dataset sales row; status=Discontinued; turnover=91,LOC003
SAL000009,STRX000009,PRD0009,56,300,216,0,84,,,,,Online grocery dataset sales row; status=Active; turnover=90,LOC004
SAL000010,STRX000010,PRD0010,27,100,72,0,10,,,,,Online grocery dataset sales row; status=Active; turnover=69,LOC005
SAL000011,STRX000011,PRD0011,100,160,115,0,81,,,,,Online grocery dataset sales row; status=Discontinued; turnover=42,LOC001
SAL000012,STRX000012,PRD0012,100,200,144,0,98,,,,,Online grocery dataset sales row; status=Backordered; turnover=20,LOC002
SAL000013,STRX000013,PRD0013,47,300,216,0,79,,,,,Online grocery dataset sales row; status=Discontinued; turnover=41,LOC003
SAL000014,STRX000014,PRD0014,69,400,288,0,50,,,,,Online grocery dataset sales row; status=Active; turnover=5,LOC004
SAL000015,STRX000015,PRD0015,63,600,432,0,26,,,,,Online grocery dataset sales row; status=Active; turnover=97,LOC005
SAL000016,STRX000016,PRD0016,20,700,504,0,13,,,,,Online grocery dataset sales row; status=Backordered; turnover=24,LOC001
SAL000017,STRX000017,PRD0017,66,150,108,0,93,,,,,Online grocery dataset sales row; status=Active; turnover=13,LOC002
SAL000018,STRX000018,PRD0018,78,800,576,0,49,,,,,Online grocery dataset sales row; status=Discontinued; turnover=61,LOC003
SAL000019,STRX000019,PRD0019,46,2000,1440,0,93,,,,,Online grocery dataset sales row; status=Active; turnover=84,LOC004
SAL000020,STRX000020,PRD0020,29,200,144,0,61,,,,,Online grocery dataset sales row; status=Backordered; turnover=11,LOC005
SAL000021,STRX000021,PRD0021,82,250,180,0,70,,,,,Online grocery dataset sales row; status=Discontinued; turnover=32,LOC001
SAL000022,STRX000022,PRD0022,52,1200,864,0,73,,,,,Online grocery dataset sales row; status=Active; turnover=62,LOC002
SAL000023,STRX000023,PRD0023,20,200,144,0,99,,,,,Online grocery dataset sales row; status=Discontinued; turnover=85,LOC003
SAL000024,STRX000024,PRD0024,73,100,72,0,46,,,,,Online grocery dataset sales row; status=Active; turnover=63,LOC004
SAL000025,STRX000025,PRD0025,59,1200,864,0,4,,,,,Online grocery dataset sales row; status=Active; turnover=71,LOC005
SAL000026,STRX000026,PRD0026,46,150,108,0,43,,,,,Online grocery dataset sales row; status=Backordered; turnover=78,LOC001
SAL000027,STRX000027,PRD0027,97,80,57,0,88,,,,,Online grocery dataset sales row; status=Discontinued; turnover=18,LOC002
SAL000028,STRX000028,PRD0028,94,600,432,0,87,,,,,Online grocery dataset sales row; status=Active; turnover=57,LOC003
SAL000029,STRX000029,PRD0029,50,500,360,0,9,,,,,Online grocery dataset sales row; status=Backordered; turnover=98,LOC004
SAL000030,STRX000030,PRD0030,61,450,324,0,20,,,,,Online grocery dataset sales row; status=Discontinued; turnover=62,LOC005
SAL000031,STRX000031,PRD0031,31,175,126,0,36,,,,,Online grocery dataset sales row; status=Backordered; turnover=81,LOC001
SAL000032,STRX000032,PRD0032,42,350,252,0,52,,,,,Online grocery dataset sales row; status=Backordered; turnover=32,LOC002
SAL000033,STRX000033,PRD0033,42,600,432,0,48,,,,,Online grocery dataset sales row; status=Discontinued; turnover=51,LOC003
SAL000034,STRX000034,PRD0034,25,3000,2160,0,45,,,,,Online grocery dataset sales row; status=Discontinued; turnover=37,LOC004
SAL000035,STRX000035,PRD0035,65,900,648,0,28,,,,,Online grocery dataset sales row; status=Discontinued; turnover=57,LOC005
SAL000036,STRX000036,PRD0036,60,200,144,0,22,,,,,Online grocery dataset sales row; status=Active; turnover=2,LOC001
SAL000037,STRX000037,PRD0037,43,450,324,0,69,,,,,Online grocery dataset sales row; status=Backordered; turnover=18,LOC002
SAL000038,STRX000038,PRD0038,51,345,248,0,48,,,,,Online grocery dataset sales row; status=Discontinued; turnover=50,LOC003
SAL000039,STRX000039,PRD0039,79,250,180,0,90,,,,,Online grocery dataset sales row; status=Discontinued; turnover=84,LOC004
SAL000040,STRX000040,PRD0040,47,300,216,0,90,,,,,Online grocery dataset sales row; status=Discontinued; turnover=9,LOC005
SAL000041,STRX000041,PRD0041,39,500,360,0,55,,,,,Online grocery dataset sales row; status=Discontinued; turnover=15,LOC001
SAL000042,STRX000042,PRD0042,66,230,165,0,7,,,,,Online grocery dataset sales row; status=Discontinued; turnover=4,LOC002
SAL000043,STRX000043,PRD0043,25,1500,1080,0,13,,,,,Online grocery dataset sales row; status=Backordered; turnover=34,LOC003
SAL000044,STRX000044,PRD0044,40,300,216,0,100,,,,,Online grocery dataset sales row; status=Discontinued; turnover=21,LOC004
SAL000045,STRX000045,PRD0045,32,350,252,0,36,,,,,Online grocery dataset sales row; status=Backordered; turnover=70,LOC005
SAL000046,STRX000046,PRD0046,66,150,108,0,88,,,,,Online grocery dataset sales row; status=Discontinued; turnover=42,LOC001
SAL000047,STRX000047,PRD0047,37,150,108,0,74,,,,,Online grocery dataset sales row; status=Discontinued; turnover=22,LOC002
SAL000048,STRX000048,PRD0048,44,600,432,0,24,,,,,Online grocery dataset sales row; status=Backordered; turnover=34,LOC003
SAL000049,STRX000049,PRD0049,24,500,360,0,46,,,,,Online grocery dataset sales row; status=Discontinued; turnover=75,LOC004
SAL000050,STRX000050,PRD0050,42,400,288,0,84,,,,,Online grocery dataset sales row; status=Active; turnover=65,LOC005
SAL000051,STRX000051,PRD0051,38,450,324,0,36,,,,,Online grocery dataset sales row; status=Backordered; turnover=75,LOC001
SAL000052,STRX000052,PRD0052,95,300,216,0,45,,,,,Online grocery dataset sales row; status=Discontinued; turnover=72,LOC002
SAL000053,STRX000053,PRD0053,96,340,244,0,80,,,,,Online grocery dataset sales row; status=Discontinued; turnover=68,LOC003
SAL000054,STRX000054,PRD0054,61,250,180,0,87,,,,,Online grocery dataset sales row; status=Backordered; turnover=31,LOC004
SAL000055,STRX000055,PRD0055,35,1200,864,0,89,,,,,Online grocery dataset sales row; status=Active; turnover=36,LOC005
SAL000056,STRX000056,PRD0056,57,250,180,0,18,,,,,Online grocery dataset sales row; status=Discontinued; turnover=86,LOC001
SAL000057,STRX000057,PRD0057,32,450,324,0,78,,,,,Online grocery dataset sales row; status=Active; turnover=3,LOC002
SAL000058,STRX000058,PRD0058,63,290,208,0,37,,,,,Online grocery dataset sales row; status=Discontinued; turnover=35,LOC003
SAL000059,STRX000059,PRD0059,30,600,432,0,59,,,,,Online grocery dataset sales row; status=Active; turnover=63,LOC004
SAL000060,STRX000060,PRD0060,38,600,432,0,17,,,,,Online grocery dataset sales row; status=Active; turnover=25,LOC005
SAL000061,STRX000061,PRD0061,44,150,108,0,60,,,,,Online grocery dataset sales row; status=Discontinued; turnover=95,LOC001
SAL000062,STRX000062,PRD0062,64,500,360,0,27,,,,,Online grocery dataset sales row; status=Active; turnover=96,LOC002
SAL000063,STRX000063,PRD0063,30,445,320,0,65,,,,,Online grocery dataset sales row; status=Backordered; turnover=78,LOC003
SAL000064,STRX000064,PRD0064,84,600,432,0,92,,,,,Online grocery dataset sales row; status=Active; turnover=9,LOC004
SAL000065,STRX000065,PRD0065,54,600,432,0,53,,,,,Online grocery dataset sales row; status=Discontinued; turnover=59,LOC005
SAL000066,STRX000066,PRD0066,67,1500,1080,0,43,,,,,Online grocery dataset sales row; status=Discontinued; turnover=6,LOC001
SAL000067,STRX000067,PRD0067,93,2500,1800,0,87,,,,,Online grocery dataset sales row; status=Active; turnover=70,LOC002
SAL000068,STRX000068,PRD0068,44,180,129,0,60,,,,,Online grocery dataset sales row; status=Backordered; turnover=32,LOC003
SAL000069,STRX000069,PRD0069,83,700,504,0,63,,,,,Online grocery dataset sales row; status=Discontinued; turnover=5,LOC004
SAL000070,STRX000070,PRD0070,47,400,288,0,87,,,,,Online grocery dataset sales row; status=Discontinued; turnover=67,LOC005
SAL000071,STRX000071,PRD0071,51,300,216,0,21,,,,,Online grocery dataset sales row; status=Backordered; turnover=98,LOC001
SAL000072,STRX000072,PRD0072,85,1200,864,0,72,,,,,Online grocery dataset sales row; status=Active; turnover=52,LOC002
SAL000073,STRX000073,PRD0073,20,400,288,0,60,,,,,Online grocery dataset sales row; status=Discontinued; turnover=35,LOC003
SAL000074,STRX000074,PRD0074,74,445,320,0,33,,,,,Online grocery dataset sales row; status=Active; turnover=100,LOC004
SAL000075,STRX000075,PRD0075,76,200,144,0,92,,,,,Online grocery dataset sales row; status=Active; turnover=32,LOC005
SAL000076,STRX000076,PRD0076,60,600,432,0,34,,,,,Online grocery dataset sales row; status=Discontinued; turnover=2,LOC001
SAL000077,STRX000077,PRD0077,26,450,324,0,36,,,,,Online grocery dataset sales row; status=Active; turnover=29,LOC002
SAL000078,STRX000078,PRD0078,50,450,324,0,34,,,,,Online grocery dataset sales row; status=Discontinued; turnover=83,LOC003
SAL000079,STRX000079,PRD0079,30,120,86,0,40,,,,,Online grocery dataset sales row; status=Active; turnover=56,LOC004
SAL000080,STRX000080,PRD0080,86,250,180,0,55,,,,,Online grocery dataset sales row; status=Backordered; turnover=61,LOC005
SAL000081,STRX000081,PRD0081,67,600,432,0,93,,,,,Online grocery dataset sales row; status=Active; turnover=100,LOC001
SAL000082,STRX000082,PRD0082,50,300,216,0,1,,,,,Online grocery dataset sales row; status=Backordered; turnover=53,LOC002
SAL000083,STRX000083,PRD0083,72,250,180,0,52,,,,,Online grocery dataset sales row; status=Discontinued; turnover=96,LOC003
SAL000084,STRX000084,PRD0084,59,240,172,0,29,,,,,Online grocery dataset sales row; status=Discontinued; turnover=4,LOC004
SAL000085,STRX000085,PRD0085,90,600,432,0,67,,,,,Online grocery dataset sales row; status=Active; turnover=11,LOC005
SAL000086,STRX000086,PRD0086,29,200,144,0,7,,,,,Online grocery dataset sales row; status=Backordered; turnover=20,LOC001
SAL000087,STRX000087,PRD0087,38,150,108,0,63,,,,,Online grocery dataset sales row; status=Discontinued; turnover=73,LOC002
SAL000088,STRX000088,PRD0088,64,180,129,0,33,,,,,Online grocery dataset sales row; status=Discontinued; turnover=38,LOC003
SAL000089,STRX000089,PRD0089,59,800,576,0,4,,,,,Online grocery dataset sales row; status=Active; turnover=52,LOC004
SAL000090,STRX000090,PRD0090,51,400,288,0,21,,,,,Online grocery dataset sales row; status=Backordered; turnover=26,LOC005
SAL000091,STRX000091,PRD0091,24,1000,720,0,40,,,,,Online grocery dataset sales row; status=Active; turnover=61,LOC001
SAL000092,STRX000092,PRD0092,69,500,360,0,81,,,,,Online grocery dataset sales row; status=Active; turnover=38,LOC002
SAL000093,STRX000093,PRD0093,56,900,648,0,63,,,,,Online grocery dataset sales row; status=Active; turnover=95,LOC003
SAL000094,STRX000094,PRD0094,33,180,129,0,63,,,,,Online grocery dataset sales row; status=Discontinued; turnover=96,LOC004
SAL000095,STRX000095,PRD0095,82,300,216,0,30,,,,,Online grocery dataset sales row; status=Active; turnover=12,LOC005
SAL000096,STRX000096,PRD0096,91,700,504,0,22,,,,,Online grocery dataset sales row; status=Discontinued; turnover=77,LOC001
SAL000097,STRX000097,PRD0097,51,475,342,0,73,,,,,Online grocery dataset sales row; status=Discontinued; turnover=49,LOC002
SAL000098,STRX000098,PRD0098,95,200,144,0,81,,,,,Online grocery dataset sales row; status=Backordered; turnover=88,LOC003
SAL000099,STRX000099,PRD0099,66,250,180,0,66,,,,,Online grocery dataset sales row; status=Discontinued; turnover=65,LOC004
SAL000100,STRX000100,PRD0100,67,320,230,0,86,,,,,Online grocery dataset sales row; status=Backordered; turnover=56,LOC005
SAL000101,STRX000101,PRD0101,43,600,432,0,40,,,,,Online grocery dataset sales row; status=Active; turnover=49,LOC001
SAL000102,STRX000102,PRD0102,92,150,108,0,92,,,,,Online grocery dataset sales row; status=Active; turnover=69,LOC002
SAL000103,STRX000103,PRD0103,68,500,360,0,5,,,,,Online grocery dataset sales row; status=Active; turnover=99,LOC003
SAL000104,STRX000104,PRD0104,60,400,288,0,36,,,,,Online grocery dataset sales row; status=Backordered; turnover=96,LOC004
SAL000105,STRX000105,PRD0105,24,950,684,0,88,,,,,Online grocery dataset sales row; status=Backordered; turnover=21,LOC005
SAL000106,STRX000106,PRD0106,56,250,180,0,81,,,,,Online grocery dataset sales row; status=Active; turnover=2,LOC001
SAL000107,STRX000107,PRD0107,61,700,504,0,63,,,,,Online grocery dataset sales row; status=Backordered; turnover=38,LOC002
SAL000108,STRX000108,PRD0108,53,200,144,0,5,,,,,Online grocery dataset sales row; status=Active; turnover=80,LOC003
SAL000109,STRX000109,PRD0109,56,400,288,0,36,,,,,Online grocery dataset sales row; status=Backordered; turnover=32,LOC004
SAL000110,STRX000110,PRD0110,98,600,432,0,18,,,,,Online grocery dataset sales row; status=Discontinued; turnover=56,LOC005
SAL000111,STRX000111,PRD0111,23,2000,1440,0,89,,,,,Online grocery dataset sales row; status=Discontinued; turnover=11,LOC001
SAL000112,STRX000112,PRD0112,38,500,360,0,57,,,,,Online grocery dataset sales row; status=Active; turnover=16,LOC002
SAL000113,STRX000113,PRD0113,63,800,576,0,42,,,,,Online grocery dataset sales row; status=Backordered; turnover=5,LOC003
SAL000114,STRX000114,PRD0114,35,9843,7086,0,12,,,,,Online grocery dataset sales row; status=Active; turnover=16,LOC004
SAL000115,STRX000115,PRD0115,80,610,439,0,100,,,,,Online grocery dataset sales row; status=Active; turnover=94,LOC005
SAL000116,STRX000116,PRD0116,96,600,432,0,61,,,,,Online grocery dataset sales row; status=Active; turnover=50,LOC001
SAL000117,STRX000117,PRD0117,44,350,252,0,30,,,,,Online grocery dataset sales row; status=Discontinued; turnover=42,LOC002
SAL000118,STRX000118,PRD0118,93,400,288,0,72,,,,,Online grocery dataset sales row; status=Backordered; turnover=27,LOC003
SAL000119,STRX000119,PRD0119,60,450,324,0,93,,,,,Online grocery dataset sales row; status=Active; turnover=19,LOC004
SAL000120,STRX000120,PRD0120,61,385,277,0,42,,,,,Online grocery dataset sales row; status=Discontinued; turnover=25,LOC005
SAL000121,STRX000121,PRD0121,58,430,309,0,17,,,,,Online grocery dataset sales row; status=Active; turnover=23,LOC001
SAL000122,STRX000122,PRD0122,83,2100,1512,0,72,,,,,Online grocery dataset sales row; status=Active; turnover=54,LOC002
SAL000123,STRX000123,PRD0123,24,450,324,0,50,,,,,Online grocery dataset sales row; status=Active; turnover=92,LOC003
SAL000124,STRX000124,PRD0124,28,400,288,0,42,,,,,Online grocery dataset sales row; status=Discontinued; turnover=23,LOC004
SAL000125,STRX000125,PRD0125,31,450,324,0,20,,,,,Online grocery dataset sales row; status=Active; turnover=31,LOC005
SAL000126,STRX000126,PRD0126,28,420,302,0,99,,,,,Online grocery dataset sales row; status=Discontinued; turnover=45,LOC001
SAL000127,STRX000127,PRD0127,62,180,129,0,20,,,,,Online grocery dataset sales row; status=Backordered; turnover=69,LOC002
SAL000128,STRX000128,PRD0128,21,320,230,0,38,,,,,Online grocery dataset sales row; status=Backordered; turnover=45,LOC003
SAL000129,STRX000129,PRD0129,43,230,165,0,82,,,,,Online grocery dataset sales row; status=Discontinued; turnover=45,LOC004
SAL000130,STRX000130,PRD0130,94,1000,720,0,96,,,,,Online grocery dataset sales row; status=Backordered; turnover=89,LOC005
SAL000131,STRX000131,PRD0131,49,150,108,0,46,,,,,Online grocery dataset sales row; status=Backordered; turnover=25,LOC001
SAL000132,STRX000132,PRD0132,20,700,504,0,21,,,,,Online grocery dataset sales row; status=Backordered; turnover=13,LOC002
SAL000133,STRX000133,PRD0133,26,600,432,0,98,,,,,Online grocery dataset sales row; status=Backordered; turnover=21,LOC003
SAL000134,STRX000134,PRD0134,50,300,216,0,2,,,,,Online grocery dataset sales row; status=Discontinued; turnover=11,LOC004
SAL000135,STRX000135,PRD0135,36,1800,1296,0,44,,,,,Online grocery dataset sales row; status=Active; turnover=16,LOC005
SAL000136,STRX000136,PRD0136,48,250,180,0,2,,,,,Online grocery dataset sales row; status=Discontinued; turnover=36,LOC001
SAL000137,STRX000137,PRD0137,56,300,216,0,44,,,,,Online grocery dataset sales row; status=Discontinued; turnover=12,LOC002
SAL000138,STRX000138,PRD0138,59,600,432,0,65,,,,,Online grocery dataset sales row; status=Discontinued; turnover=53,LOC003
SAL000139,STRX000139,PRD0139,25,1800,1296,0,77,,,,,Online grocery dataset sales row; status=Discontinued; turnover=17,LOC004
SAL000140,STRX000140,PRD0140,84,400,288,0,30,,,,,Online grocery dataset sales row; status=Active; turnover=4,LOC005
SAL000141,STRX000141,PRD0141,36,200,144,0,44,,,,,Online grocery dataset sales row; status=Discontinued; turnover=2,LOC001
SAL000142,STRX000142,PRD0142,76,150,108,0,82,,,,,Online grocery dataset sales row; status=Active; turnover=88,LOC002
SAL000143,STRX000143,PRD0143,23,450,324,0,31,,,,,Online grocery dataset sales row; status=Discontinued; turnover=80,LOC003
SAL000144,STRX000144,PRD0144,69,450,324,0,3,,,,,Online grocery dataset sales row; status=Discontinued; turnover=73,LOC004
SAL000145,STRX000145,PRD0145,81,350,252,0,91,,,,,Online grocery dataset sales row; status=Active; turnover=19,LOC005
SAL000146,STRX000146,PRD0146,41,800,576,0,87,,,,,Online grocery dataset sales row; status=Active; turnover=10,LOC001
SAL000147,STRX000147,PRD0147,93,800,576,0,92,,,,,Online grocery dataset sales row; status=Active; turnover=99,LOC002
SAL000148,STRX000148,PRD0148,22,600,432,0,31,,,,,Online grocery dataset sales row; status=Discontinued; turnover=47,LOC003
SAL000149,STRX000149,PRD0149,75,400,288,0,86,,,,,Online grocery dataset sales row; status=Discontinued; turnover=86,LOC004
SAL000150,STRX000150,PRD0150,44,300,216,0,86,,,,,Online grocery dataset sales row; status=Discontinued; turnover=3,LOC005
SAL000151,STRX000151,PRD0151,69,250,180,0,7,,,,,Online grocery dataset sales row; status=Discontinued; turnover=1,LOC001
SAL000152,STRX000152,PRD0152,54,810,583,0,9,,,,,Online grocery dataset sales row; status=Active; turnover=62,LOC002
SAL000153,STRX000153,PRD0153,40,1800,1296,0,68,,,,,Online grocery dataset sales row; status=Discontinued; turnover=57,LOC003
SAL000154,STRX000154,PRD0154,91,180,129,0,98,,,,,Online grocery dataset sales row; status=Active; turnover=29,LOC004
SAL000155,STRX000155,PRD0155,46,300,216,0,44,,,,,Online grocery dataset sales row; status=Discontinued; turnover=9,LOC005
SAL000156,STRX000156,PRD0156,52,700,504,0,97,,,,,Online grocery dataset sales row; status=Discontinued; turnover=82,LOC001
SAL000157,STRX000157,PRD0157,89,200,144,0,99,,,,,Online grocery dataset sales row; status=Backordered; turnover=21,LOC002
SAL000158,STRX000158,PRD0158,43,400,288,0,99,,,,,Online grocery dataset sales row; status=Discontinued; turnover=90,LOC003
SAL000159,STRX000159,PRD0159,79,900,648,0,74,,,,,Online grocery dataset sales row; status=Active; turnover=5,LOC004
SAL000160,STRX000160,PRD0160,41,500,360,0,8,,,,,Online grocery dataset sales row; status=Discontinued; turnover=50,LOC005
SAL000161,STRX000161,PRD0161,51,250,180,0,84,,,,,Online grocery dataset sales row; status=Discontinued; turnover=67,LOC001
SAL000162,STRX000162,PRD0162,70,3100,2232,0,77,,,,,Online grocery dataset sales row; status=Backordered; turnover=74,LOC002
SAL000163,STRX000163,PRD0163,29,650,468,0,92,,,,,Online grocery dataset sales row; status=Discontinued; turnover=32,LOC003
SAL000164,STRX000164,PRD0164,90,615,442,0,96,,,,,Online grocery dataset sales row; status=Discontinued; turnover=34,LOC004
SAL000165,STRX000165,PRD0165,88,300,216,0,94,,,,,Online grocery dataset sales row; status=Discontinued; turnover=92,LOC005
SAL000166,STRX000166,PRD0166,52,500,360,0,12,,,,,Online grocery dataset sales row; status=Active; turnover=46,LOC001
SAL000167,STRX000167,PRD0167,98,500,360,0,40,,,,,Online grocery dataset sales row; status=Active; turnover=60,LOC002
SAL000168,STRX000168,PRD0168,71,180,129,0,2,,,,,Online grocery dataset sales row; status=Active; turnover=10,LOC003
SAL000169,STRX000169,PRD0169,42,800,576,0,99,,,,,Online grocery dataset sales row; status=Backordered; turnover=1,LOC004
SAL000170,STRX000170,PRD0170,46,480,345,0,92,,,,,Online grocery dataset sales row; status=Backordered; turnover=11,LOC005
SAL000171,STRX000171,PRD0171,69,250,180,0,54,,,,,Online grocery dataset sales row; status=Backordered; turnover=27,LOC001
SAL000172,STRX000172,PRD0172,30,275,198,0,60,,,,,Online grocery dataset sales row; status=Active; turnover=6,LOC002
SAL000173,STRX000173,PRD0173,62,1000,720,0,78,,,,,Online grocery dataset sales row; status=Discontinued; turnover=97,LOC003
SAL000174,STRX000174,PRD0174,90,300,216,0,10,,,,,Online grocery dataset sales row; status=Active; turnover=42,LOC004
SAL000175,STRX000175,PRD0175,33,1250,900,0,47,,,,,Online grocery dataset sales row; status=Discontinued; turnover=12,LOC005
SAL000176,STRX000176,PRD0176,64,250,180,0,32,,,,,Online grocery dataset sales row; status=Discontinued; turnover=85,LOC001
SAL000177,STRX000177,PRD0177,77,500,360,0,55,,,,,Online grocery dataset sales row; status=Active; turnover=85,LOC002
SAL000178,STRX000178,PRD0178,60,800,576,0,66,,,,,Online grocery dataset sales row; status=Backordered; turnover=40,LOC003
SAL000179,STRX000179,PRD0179,98,1000,720,0,56,,,,,Online grocery dataset sales row; status=Discontinued; turnover=86,LOC004
SAL000180,STRX000180,PRD0180,40,900,648,0,81,,,,,Online grocery dataset sales row; status=Backordered; turnover=48,LOC005
SAL000181,STRX000181,PRD0181,24,1000,720,0,86,,,,,Online grocery dataset sales row; status=Backordered; turnover=52,LOC001
SAL000182,STRX000182,PRD0182,20,2100,1512,0,87,,,,,Online grocery dataset sales row; status=Discontinued; turnover=38,LOC002
SAL000183,STRX000183,PRD0183,89,1200,864,0,25,,,,,Online grocery dataset sales row; status=Active; turnover=42,LOC003
SAL000184,STRX000184,PRD0184,99,800,576,0,50,,,,,Online grocery dataset sales row; status=Discontinued; turnover=5,LOC004
SAL000185,STRX000185,PRD0185,98,300,216,0,65,,,,,Online grocery dataset sales row; status=Backordered; turnover=50,LOC005
SAL000186,STRX000186,PRD0186,69,450,324,0,53,,,,,Online grocery dataset sales row; status=Active; turnover=69,LOC001
SAL000187,STRX000187,PRD0187,20,200,144,0,69,,,,,Online grocery dataset sales row; status=Backordered; turnover=20,LOC002
SAL000188,STRX000188,PRD0188,32,450,324,0,85,,,,,Online grocery dataset sales row; status=Discontinued; turnover=83,LOC003
SAL000189,STRX000189,PRD0189,35,2500,1800,0,90,,,,,Online grocery dataset sales row; status=Backordered; turnover=68,LOC004
SAL000190,STRX000190,PRD0190,76,250,180,0,76,,,,,Online grocery dataset sales row; status=Backordered; turnover=51,LOC005
SAL000191,STRX000191,PRD0191,72,700,504,0,38,,,,,Online grocery dataset sales row; status=Active; turnover=84,LOC001
SAL000192,STRX000192,PRD0192,94,400,288,0,88,,,,,Online grocery dataset sales row; status=Active; turnover=15,LOC002
SAL000193,STRX000193,PRD0193,43,700,504,0,77,,,,,Online grocery dataset sales row; status=Backordered; turnover=40,LOC003
SAL000194,STRX000194,PRD0194,88,500,360,0,6,,,,,Online grocery dataset sales row; status=Discontinued; turnover=24,LOC004
SAL000195,STRX000195,PRD0195,86,600,432,0,66,,,,,Online grocery dataset sales row; status=Backordered; turnover=15,LOC005
SAL000196,STRX000196,PRD0196,25,250,180,0,100,,,,,Online grocery dataset sales row; status=Discontinued; turnover=28,LOC001
SAL000197,STRX000197,PRD0197,35,475,342,0,15,,,,,Online grocery dataset sales row; status=Discontinued; turnover=4,LOC002
SAL000198,STRX000198,PRD0198,78,900,648,0,62,,,,,Online grocery dataset sales row; status=Active; turnover=87,LOC003
SAL000199,STRX000199,PRD0199,37,600,432,0,68,,,,,Online grocery dataset sales row; status=Discontinued; turnover=31,LOC004
SAL000200,STRX000200,PRD0200,31,280,201,0,94,,,,,Online grocery dataset sales row; status=Backordered; turnover=1,LOC005
SAL000201,STRX000201,PRD0201,43,200,144,0,30,,,,,Online grocery dataset sales row; status=Backordered; turnover=54,LOC001
SAL000202,STRX000202,PRD0202,32,600,432,0,96,,,,,Online grocery dataset sales row; status=Discontinued; turnover=22,LOC002
SAL000203,STRX000203,PRD0203,39,1000,720,0,12,,,,,Online grocery dataset sales row; status=Backordered; turnover=6,LOC003
SAL000204,STRX000204,PRD0204,68,350,252,0,43,,,,,Online grocery dataset sales row; status=Backordered; turnover=59,LOC004
SAL000205,STRX000205,PRD0205,49,175,126,0,20,,,,,Online grocery dataset sales row; status=Backordered; turnover=19,LOC005
SAL000206,STRX000206,PRD0206,100,600,432,0,88,,,,,Online grocery dataset sales row; status=Discontinued; turnover=46,LOC001
SAL000207,STRX000207,PRD0207,52,600,432,0,62,,,,,Online grocery dataset sales row; status=Active; turnover=21,LOC002
SAL000208,STRX000208,PRD0208,59,250,180,0,63,,,,,Online grocery dataset sales row; status=Backordered; turnover=63,LOC003
SAL000209,STRX000209,PRD0209,92,5117,3684,0,44,,,,,Online grocery dataset sales row; status=Discontinued; turnover=37,LOC004
SAL000210,STRX000210,PRD0210,70,400,288,0,53,,,,,Online grocery dataset sales row; status=Backordered; turnover=20,LOC005
SAL000211,STRX000211,PRD0211,29,2550,1836,0,100,,,,,Online grocery dataset sales row; status=Active; turnover=31,LOC001
SAL000212,STRX000212,PRD0212,42,425,306,0,20,,,,,Online grocery dataset sales row; status=Backordered; turnover=19,LOC002
SAL000213,STRX000213,PRD0213,46,590,424,0,89,,,,,Online grocery dataset sales row; status=Discontinued; turnover=54,LOC003
SAL000214,STRX000214,PRD0214,88,650,468,0,19,,,,,Online grocery dataset sales row; status=Backordered; turnover=6,LOC004
SAL000215,STRX000215,PRD0215,69,400,288,0,54,,,,,Online grocery dataset sales row; status=Active; turnover=77,LOC005
SAL000216,STRX000216,PRD0216,56,250,180,0,62,,,,,Online grocery dataset sales row; status=Backordered; turnover=73,LOC001
SAL000217,STRX000217,PRD0217,70,300,216,0,62,,,,,Online grocery dataset sales row; status=Discontinued; turnover=83,LOC002
SAL000218,STRX000218,PRD0218,92,230,165,0,31,,,,,Online grocery dataset sales row; status=Discontinued; turnover=13,LOC003
SAL000219,STRX000219,PRD0219,81,200,144,0,83,,,,,Online grocery dataset sales row; status=Backordered; turnover=53,LOC004
SAL000220,STRX000220,PRD0220,47,230,165,0,51,,,,,Online grocery dataset sales row; status=Discontinued; turnover=25,LOC005
SAL000221,STRX000221,PRD0221,37,1000,720,0,4,,,,,Online grocery dataset sales row; status=Active; turnover=53,LOC001
SAL000222,STRX000222,PRD0222,56,720,518,0,56,,,,,Online grocery dataset sales row; status=Discontinued; turnover=28,LOC002
SAL000223,STRX000223,PRD0223,76,1800,1296,0,95,,,,,Online grocery dataset sales row; status=Discontinued; turnover=96,LOC003
SAL000224,STRX000224,PRD0224,73,2500,1800,0,43,,,,,Online grocery dataset sales row; status=Active; turnover=6,LOC004
SAL000225,STRX000225,PRD0225,94,1500,1080,0,94,,,,,Online grocery dataset sales row; status=Backordered; turnover=66,LOC005
SAL000226,STRX000226,PRD0226,35,150,108,0,41,,,,,Online grocery dataset sales row; status=Discontinued; turnover=16,LOC001
SAL000227,STRX000227,PRD0227,92,700,504,0,77,,,,,Online grocery dataset sales row; status=Discontinued; turnover=29,LOC002
SAL000228,STRX000228,PRD0228,47,600,432,0,8,,,,,Online grocery dataset sales row; status=Discontinued; turnover=62,LOC003
SAL000229,STRX000229,PRD0229,57,400,288,0,99,,,,,Online grocery dataset sales row; status=Backordered; turnover=42,LOC004
SAL000230,STRX000230,PRD0230,74,2000,1440,0,77,,,,,Online grocery dataset sales row; status=Backordered; turnover=98,LOC005
SAL000231,STRX000231,PRD0231,71,250,180,0,92,,,,,Online grocery dataset sales row; status=Active; turnover=13,LOC001
SAL000232,STRX000232,PRD0232,59,2000,1440,0,31,,,,,Online grocery dataset sales row; status=Backordered; turnover=65,LOC002
SAL000233,STRX000233,PRD0233,86,400,288,0,8,,,,,Online grocery dataset sales row; status=Discontinued; turnover=12,LOC003
SAL000234,STRX000234,PRD0234,48,400,288,0,52,,,,,Online grocery dataset sales row; status=Active; turnover=43,LOC004
SAL000235,STRX000235,PRD0235,32,150,108,0,79,,,,,Online grocery dataset sales row; status=Active; turnover=80,LOC005
SAL000236,STRX000236,PRD0236,69,3000,2160,0,17,,,,,Online grocery dataset sales row; status=Active; turnover=82,LOC001
SAL000237,STRX000237,PRD0237,40,1000,720,0,38,,,,,Online grocery dataset sales row; status=Active; turnover=15,LOC002
SAL000238,STRX000238,PRD0238,98,400,288,0,16,,,,,Online grocery dataset sales row; status=Active; turnover=12,LOC003
SAL000239,STRX000239,PRD0239,53,700,504,0,29,,,,,Online grocery dataset sales row; status=Backordered; turnover=20,LOC004
SAL000240,STRX000240,PRD0240,43,950,684,0,46,,,,,Online grocery dataset sales row; status=Backordered; turnover=77,LOC005
SAL000241,STRX000241,PRD0241,45,500,360,0,16,,,,,Online grocery dataset sales row; status=Active; turnover=68,LOC001
SAL000242,STRX000242,PRD0242,100,900,648,0,38,,,,,Online grocery dataset sales row; status=Active; turnover=63,LOC002
SAL000243,STRX000243,PRD0243,84,100,72,0,38,,,,,Online grocery dataset sales row; status=Discontinued; turnover=78,LOC003
SAL000244,STRX000244,PRD0244,37,400,288,0,27,,,,,Online grocery dataset sales row; status=Backordered; turnover=67,LOC004
SAL000245,STRX000245,PRD0245,52,750,540,0,7,,,,,Online grocery dataset sales row; status=Backordered; turnover=68,LOC005
SAL000246,STRX000246,PRD0246,33,250,180,0,26,,,,,Online grocery dataset sales row; status=Discontinued; turnover=58,LOC001
SAL000247,STRX000247,PRD0247,53,250,180,0,18,,,,,Online grocery dataset sales row; status=Active; turnover=69,LOC002
SAL000248,STRX000248,PRD0248,96,460,331,0,64,,,,,Online grocery dataset sales row; status=Discontinued; turnover=55,LOC003
SAL000249,STRX000249,PRD0249,60,950,684,0,15,,,,,Online grocery dataset sales row; status=Discontinued; turnover=49,LOC004
SAL000250,STRX000250,PRD0250,54,250,180,0,91,,,,,Online grocery dataset sales row; status=Active; turnover=87,LOC005
SAL000251,STRX000251,PRD0251,79,310,223,0,54,,,,,Online grocery dataset sales row; status=Backordered; turnover=1,LOC001
SAL000252,STRX000252,PRD0252,70,600,432,0,27,,,,,Online grocery dataset sales row; status=Discontinued; turnover=30,LOC002
SAL000253,STRX000253,PRD0253,96,500,360,0,47,,,,,Online grocery dataset sales row; status=Discontinued; turnover=37,LOC003
SAL000254,STRX000254,PRD0254,45,300,216,0,28,,,,,Online grocery dataset sales row; status=Active; turnover=89,LOC004
SAL000255,STRX000255,PRD0255,53,150,108,0,63,,,,,Online grocery dataset sales row; status=Discontinued; turnover=94,LOC005
SAL000256,STRX000256,PRD0256,52,400,288,0,29,,,,,Online grocery dataset sales row; status=Discontinued; turnover=46,LOC001
SAL000257,STRX000257,PRD0257,39,450,324,0,69,,,,,Online grocery dataset sales row; status=Backordered; turnover=69,LOC002
SAL000258,STRX000258,PRD0258,38,200,144,0,32,,,,,Online grocery dataset sales row; status=Active; turnover=23,LOC003
SAL000259,STRX000259,PRD0259,57,450,324,0,52,,,,,Online grocery dataset sales row; status=Backordered; turnover=62,LOC004
SAL000260,STRX000260,PRD0260,95,700,504,0,57,,,,,Online grocery dataset sales row; status=Active; turnover=28,LOC005
SAL000261,STRX000261,PRD0261,84,100,72,0,88,,,,,Online grocery dataset sales row; status=Discontinued; turnover=75,LOC001
SAL000262,STRX000262,PRD0262,31,180,129,0,4,,,,,Online grocery dataset sales row; status=Backordered; turnover=34,LOC002
SAL000263,STRX000263,PRD0263,27,150,108,0,96,,,,,Online grocery dataset sales row; status=Backordered; turnover=58,LOC003
SAL000264,STRX000264,PRD0264,28,920,662,0,53,,,,,Online grocery dataset sales row; status=Active; turnover=56,LOC004
SAL000265,STRX000265,PRD0265,67,150,108,0,68,,,,,Online grocery dataset sales row; status=Discontinued; turnover=82,LOC005
SAL000266,STRX000266,PRD0266,61,300,216,0,62,,,,,Online grocery dataset sales row; status=Discontinued; turnover=78,LOC001
SAL000267,STRX000267,PRD0267,30,2100,1512,0,89,,,,,Online grocery dataset sales row; status=Discontinued; turnover=62,LOC002
SAL000268,STRX000268,PRD0268,93,550,396,0,99,,,,,Online grocery dataset sales row; status=Backordered; turnover=99,LOC003
SAL000269,STRX000269,PRD0269,63,700,504,0,75,,,,,Online grocery dataset sales row; status=Active; turnover=100,LOC004
SAL000270,STRX000270,PRD0270,47,600,432,0,52,,,,,Online grocery dataset sales row; status=Active; turnover=7,LOC005
SAL000271,STRX000271,PRD0271,34,1050,756,0,88,,,,,Online grocery dataset sales row; status=Discontinued; turnover=51,LOC001
SAL000272,STRX000272,PRD0272,82,300,216,0,46,,,,,Online grocery dataset sales row; status=Discontinued; turnover=21,LOC002
SAL000273,STRX000273,PRD0273,45,250,180,0,88,,,,,Online grocery dataset sales row; status=Backordered; turnover=29,LOC003
SAL000274,STRX000274,PRD0274,21,240,172,0,64,,,,,Online grocery dataset sales row; status=Backordered; turnover=55,LOC004
SAL000275,STRX000275,PRD0275,55,600,432,0,45,,,,,Online grocery dataset sales row; status=Backordered; turnover=20,LOC005
SAL000276,STRX000276,PRD0276,62,180,129,0,41,,,,,Online grocery dataset sales row; status=Backordered; turnover=14,LOC001
SAL000277,STRX000277,PRD0277,22,180,129,0,11,,,,,Online grocery dataset sales row; status=Active; turnover=91,LOC002
SAL000278,STRX000278,PRD0278,93,800,576,0,8,,,,,Online grocery dataset sales row; status=Backordered; turnover=85,LOC003
SAL000279,STRX000279,PRD0279,39,2000,1440,0,81,,,,,Online grocery dataset sales row; status=Backordered; turnover=65,LOC004
SAL000280,STRX000280,PRD0280,96,1150,828,0,94,,,,,Online grocery dataset sales row; status=Discontinued; turnover=74,LOC005
SAL000281,STRX000281,PRD0281,100,200,144,0,96,,,,,Online grocery dataset sales row; status=Discontinued; turnover=15,LOC001
SAL000282,STRX000282,PRD0282,63,400,288,0,52,,,,,Online grocery dataset sales row; status=Discontinued; turnover=14,LOC002
SAL000283,STRX000283,PRD0283,62,400,288,0,79,,,,,Online grocery dataset sales row; status=Backordered; turnover=75,LOC003
SAL000284,STRX000284,PRD0284,33,500,360,0,22,,,,,Online grocery dataset sales row; status=Active; turnover=62,LOC004
SAL000285,STRX000285,PRD0285,72,700,504,0,25,,,,,Online grocery dataset sales row; status=Backordered; turnover=83,LOC005
SAL000286,STRX000286,PRD0286,63,200,144,0,100,,,,,Online grocery dataset sales row; status=Discontinued; turnover=26,LOC001
SAL000287,STRX000287,PRD0287,96,760,547,0,1,,,,,Online grocery dataset sales row; status=Active; turnover=26,LOC002
SAL000288,STRX000288,PRD0288,23,400,288,0,62,,,,,Online grocery dataset sales row; status=Backordered; turnover=4,LOC003
SAL000289,STRX000289,PRD0289,63,450,324,0,74,,,,,Online grocery dataset sales row; status=Active; turnover=69,LOC004
SAL000290,STRX000290,PRD0290,79,1000,720,0,15,,,,,Online grocery dataset sales row; status=Discontinued; turnover=42,LOC005
SAL000291,STRX000291,PRD0291,55,1000,720,0,98,,,,,Online grocery dataset sales row; status=Active; turnover=51,LOC001
SAL000292,STRX000292,PRD0292,40,390,280,0,56,,,,,Online grocery dataset sales row; status=Backordered; turnover=5,LOC002
SAL000293,STRX000293,PRD0293,92,175,126,0,27,,,,,Online grocery dataset sales row; status=Discontinued; turnover=82,LOC003
SAL000294,STRX000294,PRD0294,90,200,144,0,29,,,,,Online grocery dataset sales row; status=Discontinued; turnover=23,LOC004
SAL000295,STRX000295,PRD0295,31,1800,1296,0,75,,,,,Online grocery dataset sales row; status=Active; turnover=36,LOC005
SAL000296,STRX000296,PRD0296,95,1000,720,0,22,,,,,Online grocery dataset sales row; status=Discontinued; turnover=77,LOC001
SAL000297,STRX000297,PRD0297,42,350,252,0,74,,,,,Online grocery dataset sales row; status=Discontinued; turnover=23,LOC002
SAL000298,STRX000298,PRD0298,81,300,216,0,4,,,,,Online grocery dataset sales row; status=Discontinued; turnover=25,LOC003
SAL000299,STRX000299,PRD0299,56,250,180,0,22,,,,,Online grocery dataset sales row; status=Active; turnover=44,LOC004
SAL000300,STRX000300,PRD0300,25,300,216,0,54,,,,,Online grocery dataset sales row; status=Active; turnover=81,LOC005
SAL000301,STRX000301,PRD0301,60,900,648,0,8,,,,,Online grocery dataset sales row; status=Active; turnover=38,LOC001
SAL000302,STRX000302,PRD0302,48,1000,720,0,86,,,,,Online grocery dataset sales row; status=Backordered; turnover=12,LOC002
SAL000303,STRX000303,PRD0303,40,600,432,0,77,,,,,Online grocery dataset sales row; status=Discontinued; turnover=84,LOC003
SAL000304,STRX000304,PRD0304,70,600,432,0,75,,,,,Online grocery dataset sales row; status=Discontinued; turnover=20,LOC004
SAL000305,STRX000305,PRD0305,71,500,360,0,51,,,,,Online grocery dataset sales row; status=Backordered; turnover=26,LOC005
SAL000306,STRX000306,PRD0306,86,250,180,0,20,,,,,Online grocery dataset sales row; status=Backordered; turnover=64,LOC001
SAL000307,STRX000307,PRD0307,88,900,648,0,31,,,,,Online grocery dataset sales row; status=Backordered; turnover=52,LOC002
SAL000308,STRX000308,PRD0308,24,100,72,0,90,,,,,Online grocery dataset sales row; status=Discontinued; turnover=11,LOC003
SAL000309,STRX000309,PRD0309,88,1200,864,0,12,,,,,Online grocery dataset sales row; status=Discontinued; turnover=83,LOC004
SAL000310,STRX000310,PRD0310,42,300,216,0,55,,,,,Online grocery dataset sales row; status=Active; turnover=93,LOC005
SAL000311,STRX000311,PRD0311,39,550,396,0,21,,,,,Online grocery dataset sales row; status=Backordered; turnover=18,LOC001
SAL000312,STRX000312,PRD0312,83,150,108,0,91,,,,,Online grocery dataset sales row; status=Backordered; turnover=95,LOC002
SAL000313,STRX000313,PRD0313,57,2000,1440,0,46,,,,,Online grocery dataset sales row; status=Backordered; turnover=95,LOC003
SAL000314,STRX000314,PRD0314,75,450,324,0,59,,,,,Online grocery dataset sales row; status=Backordered; turnover=92,LOC004
SAL000315,STRX000315,PRD0315,95,650,468,0,4,,,,,Online grocery dataset sales row; status=Backordered; turnover=70,LOC005
SAL000316,STRX000316,PRD0316,20,600,432,0,60,,,,,Online grocery dataset sales row; status=Discontinued; turnover=7,LOC001
SAL000317,STRX000317,PRD0317,57,700,504,0,59,,,,,Online grocery dataset sales row; status=Active; turnover=50,LOC002
SAL000318,STRX000318,PRD0318,34,550,396,0,69,,,,,Online grocery dataset sales row; status=Backordered; turnover=26,LOC003
SAL000319,STRX000319,PRD0319,73,700,504,0,79,,,,,Online grocery dataset sales row; status=Active; turnover=36,LOC004
SAL000320,STRX000320,PRD0320,60,900,648,0,24,,,,,Online grocery dataset sales row; status=Active; turnover=41,LOC005
SAL000321,STRX000321,PRD0321,25,245,176,0,32,,,,,Online grocery dataset sales row; status=Backordered; turnover=9,LOC001
SAL000322,STRX000322,PRD0322,21,400,288,0,48,,,,,Online grocery dataset sales row; status=Discontinued; turnover=90,LOC002
SAL000323,STRX000323,PRD0323,97,250,180,0,91,,,,,Online grocery dataset sales row; status=Active; turnover=88,LOC003
SAL000324,STRX000324,PRD0324,91,2000,1440,0,64,,,,,Online grocery dataset sales row; status=Backordered; turnover=35,LOC004
SAL000325,STRX000325,PRD0325,57,550,396,0,27,,,,,Online grocery dataset sales row; status=Discontinued; turnover=37,LOC005
SAL000326,STRX000326,PRD0326,87,5382,3875,0,25,,,,,Online grocery dataset sales row; status=Discontinued; turnover=5,LOC001
SAL000327,STRX000327,PRD0327,61,400,288,0,59,,,,,Online grocery dataset sales row; status=Discontinued; turnover=3,LOC002
SAL000328,STRX000328,PRD0328,71,200,144,0,55,,,,,Online grocery dataset sales row; status=Active; turnover=46,LOC003
SAL000329,STRX000329,PRD0329,81,800,576,0,20,,,,,Online grocery dataset sales row; status=Active; turnover=62,LOC004
SAL000330,STRX000330,PRD0330,39,200,144,0,16,,,,,Online grocery dataset sales row; status=Active; turnover=30,LOC005
SAL000331,STRX000331,PRD0331,82,250,180,0,67,,,,,Online grocery dataset sales row; status=Active; turnover=51,LOC001
SAL000332,STRX000332,PRD0332,34,150,108,0,82,,,,,Online grocery dataset sales row; status=Discontinued; turnover=22,LOC002
SAL000333,STRX000333,PRD0333,66,150,108,0,10,,,,,Online grocery dataset sales row; status=Active; turnover=43,LOC003
SAL000334,STRX000334,PRD0334,30,160,115,0,39,,,,,Online grocery dataset sales row; status=Backordered; turnover=41,LOC004
SAL000335,STRX000335,PRD0335,45,400,288,0,17,,,,,Online grocery dataset sales row; status=Discontinued; turnover=96,LOC005
SAL000336,STRX000336,PRD0336,38,600,432,0,8,,,,,Online grocery dataset sales row; status=Active; turnover=81,LOC001
SAL000337,STRX000337,PRD0337,82,250,180,0,97,,,,,Online grocery dataset sales row; status=Backordered; turnover=100,LOC002
SAL000338,STRX000338,PRD0338,50,610,439,0,23,,,,,Online grocery dataset sales row; status=Backordered; turnover=27,LOC003
SAL000339,STRX000339,PRD0339,36,250,180,0,79,,,,,Online grocery dataset sales row; status=Discontinued; turnover=100,LOC004
SAL000340,STRX000340,PRD0340,81,1150,828,0,68,,,,,Online grocery dataset sales row; status=Backordered; turnover=85,LOC005
SAL000341,STRX000341,PRD0341,85,470,338,0,58,,,,,Online grocery dataset sales row; status=Active; turnover=63,LOC001
SAL000342,STRX000342,PRD0342,61,2000,1440,0,29,,,,,Online grocery dataset sales row; status=Active; turnover=44,LOC002
SAL000343,STRX000343,PRD0343,70,300,216,0,56,,,,,Online grocery dataset sales row; status=Discontinued; turnover=100,LOC003
SAL000344,STRX000344,PRD0344,59,400,288,0,73,,,,,Online grocery dataset sales row; status=Active; turnover=65,LOC004
SAL000345,STRX000345,PRD0345,79,890,640,0,60,,,,,Online grocery dataset sales row; status=Active; turnover=46,LOC005
SAL000346,STRX000346,PRD0346,66,250,180,0,100,,,,,Online grocery dataset sales row; status=Discontinued; turnover=28,LOC001
SAL000347,STRX000347,PRD0347,71,800,576,0,84,,,,,Online grocery dataset sales row; status=Active; turnover=20,LOC002
SAL000348,STRX000348,PRD0348,29,300,216,0,20,,,,,Online grocery dataset sales row; status=Backordered; turnover=59,LOC003
SAL000349,STRX000349,PRD0349,83,250,180,0,24,,,,,Online grocery dataset sales row; status=Discontinued; turnover=3,LOC004
SAL000350,STRX000350,PRD0350,85,2500,1800,0,81,,,,,Online grocery dataset sales row; status=Active; turnover=78,LOC005
SAL000351,STRX000351,PRD0351,21,500,360,0,53,,,,,Online grocery dataset sales row; status=Discontinued; turnover=29,LOC001
SAL000352,STRX000352,PRD0352,25,350,252,0,35,,,,,Online grocery dataset sales row; status=Active; turnover=13,LOC002
SAL000353,STRX000353,PRD0353,68,450,324,0,49,,,,,Online grocery dataset sales row; status=Discontinued; turnover=74,LOC003
SAL000354,STRX000354,PRD0354,26,450,324,0,85,,,,,Online grocery dataset sales row; status=Discontinued; turnover=68,LOC004
SAL000355,STRX000355,PRD0355,63,550,396,0,61,,,,,Online grocery dataset sales row; status=Backordered; turnover=75,LOC005
SAL000356,STRX000356,PRD0356,48,285,205,0,95,,,,,Online grocery dataset sales row; status=Discontinued; turnover=82,LOC001
SAL000357,STRX000357,PRD0357,49,300,216,0,3,,,,,Online grocery dataset sales row; status=Backordered; turnover=17,LOC002
SAL000358,STRX000358,PRD0358,85,190,136,0,31,,,,,Online grocery dataset sales row; status=Discontinued; turnover=42,LOC003
SAL000359,STRX000359,PRD0359,65,400,288,0,81,,,,,Online grocery dataset sales row; status=Active; turnover=68,LOC004
SAL000360,STRX000360,PRD0360,29,650,468,0,95,,,,,Online grocery dataset sales row; status=Backordered; turnover=46,LOC005
SAL000361,STRX000361,PRD0361,78,250,180,0,14,,,,,Online grocery dataset sales row; status=Backordered; turnover=4,LOC001
SAL000362,STRX000362,PRD0362,21,500,360,0,55,,,,,Online grocery dataset sales row; status=Discontinued; turnover=13,LOC002
SAL000363,STRX000363,PRD0363,84,500,360,0,12,,,,,Online grocery dataset sales row; status=Backordered; turnover=95,LOC003
SAL000364,STRX000364,PRD0364,63,1000,720,0,6,,,,,Online grocery dataset sales row; status=Discontinued; turnover=29,LOC004
SAL000365,STRX000365,PRD0365,30,150,108,0,40,,,,,Online grocery dataset sales row; status=Active; turnover=53,LOC005
SAL000366,STRX000366,PRD0366,30,200,144,0,20,,,,,Online grocery dataset sales row; status=Backordered; turnover=57,LOC001
SAL000367,STRX000367,PRD0367,61,1500,1080,0,83,,,,,Online grocery dataset sales row; status=Discontinued; turnover=59,LOC002
SAL000368,STRX000368,PRD0368,64,120,86,0,16,,,,,Online grocery dataset sales row; status=Discontinued; turnover=79,LOC003
SAL000369,STRX000369,PRD0369,88,1200,864,0,38,,,,,Online grocery dataset sales row; status=Backordered; turnover=65,LOC004
SAL000370,STRX000370,PRD0370,54,250,180,0,20,,,,,Online grocery dataset sales row; status=Backordered; turnover=24,LOC005
SAL000371,STRX000371,PRD0371,70,245,176,0,73,,,,,Online grocery dataset sales row; status=Backordered; turnover=48,LOC001
SAL000372,STRX000372,PRD0372,76,400,288,0,100,,,,,Online grocery dataset sales row; status=Backordered; turnover=2,LOC002
SAL000373,STRX000373,PRD0373,95,700,504,0,40,,,,,Online grocery dataset sales row; status=Active; turnover=26,LOC003
SAL000374,STRX000374,PRD0374,81,850,612,0,54,,,,,Online grocery dataset sales row; status=Active; turnover=37,LOC004
SAL000375,STRX000375,PRD0375,97,800,576,0,47,,,,,Online grocery dataset sales row; status=Backordered; turnover=47,LOC005
SAL000376,STRX000376,PRD0376,78,800,576,0,50,,,,,Online grocery dataset sales row; status=Discontinued; turnover=28,LOC001
SAL000377,STRX000377,PRD0377,94,500,360,0,42,,,,,Online grocery dataset sales row; status=Backordered; turnover=81,LOC002
SAL000378,STRX000378,PRD0378,40,1000,720,0,21,,,,,Online grocery dataset sales row; status=Discontinued; turnover=59,LOC003
SAL000379,STRX000379,PRD0379,92,450,324,0,95,,,,,Online grocery dataset sales row; status=Active; turnover=14,LOC004
SAL000380,STRX000380,PRD0380,93,400,288,0,38,,,,,Online grocery dataset sales row; status=Active; turnover=32,LOC005
SAL000381,STRX000381,PRD0381,62,175,126,0,98,,,,,Online grocery dataset sales row; status=Backordered; turnover=48,LOC001
SAL000382,STRX000382,PRD0382,64,700,504,0,43,,,,,Online grocery dataset sales row; status=Active; turnover=53,LOC002
SAL000383,STRX000383,PRD0383,98,200,144,0,3,,,,,Online grocery dataset sales row; status=Backordered; turnover=91,LOC003
SAL000384,STRX000384,PRD0384,64,310,223,0,87,,,,,Online grocery dataset sales row; status=Discontinued; turnover=69,LOC004
SAL000385,STRX000385,PRD0385,60,500,360,0,78,,,,,Online grocery dataset sales row; status=Discontinued; turnover=25,LOC005
SAL000386,STRX000386,PRD0386,39,350,252,0,63,,,,,Online grocery dataset sales row; status=Discontinued; turnover=77,LOC001
SAL000387,STRX000387,PRD0387,58,620,446,0,1,,,,,Online grocery dataset sales row; status=Discontinued; turnover=36,LOC002
SAL000388,STRX000388,PRD0388,66,750,540,0,25,,,,,Online grocery dataset sales row; status=Backordered; turnover=14,LOC003
SAL000389,STRX000389,PRD0389,93,350,252,0,63,,,,,Online grocery dataset sales row; status=Backordered; turnover=26,LOC004
SAL000390,STRX000390,PRD0390,73,475,342,0,81,,,,,Online grocery dataset sales row; status=Discontinued; turnover=60,LOC005
SAL000391,STRX000391,PRD0391,56,800,576,0,79,,,,,Online grocery dataset sales row; status=Discontinued; turnover=94,LOC001
SAL000392,STRX000392,PRD0392,35,450,324,0,28,,,,,Online grocery dataset sales row; status=Discontinued; turnover=16,LOC002
SAL000393,STRX000393,PRD0393,95,250,180,0,78,,,,,Online grocery dataset sales row; status=Discontinued; turnover=91,LOC003
SAL000394,STRX000394,PRD0394,81,150,108,0,83,,,,,Online grocery dataset sales row; status=Discontinued; turnover=89,LOC004
SAL000395,STRX000395,PRD0395,42,500,360,0,75,,,,,Online grocery dataset sales row; status=Backordered; turnover=53,LOC005
SAL000396,STRX000396,PRD0396,38,600,432,0,94,,,,,Online grocery dataset sales row; status=Active; turnover=11,LOC001
SAL000397,STRX000397,PRD0397,76,150,108,0,10,,,,,Online grocery dataset sales row; status=Backordered; turnover=38,LOC002
SAL000398,STRX000398,PRD0398,99,900,648,0,81,,,,,Online grocery dataset sales row; status=Backordered; turnover=3,LOC003
SAL000399,STRX000399,PRD0399,35,450,324,0,91,,,,,Online grocery dataset sales row; status=Active; turnover=50,LOC004
SAL000400,STRX000400,PRD0400,46,650,468,0,15,,,,,Online grocery dataset sales row; status=Discontinued; turnover=24,LOC005
SAL000401,STRX000401,PRD0401,98,210,151,0,90,,,,,Online grocery dataset sales row; status=Active; turnover=85,LOC001
SAL000402,STRX000402,PRD0402,100,400,288,0,79,,,,,Online grocery dataset sales row; status=Discontinued; turnover=9,LOC002
SAL000403,STRX000403,PRD0403,35,500,360,0,98,,,,,Online grocery dataset sales row; status=Backordered; turnover=98,LOC003
SAL000404,STRX000404,PRD0404,23,600,432,0,4,,,,,Online grocery dataset sales row; status=Discontinued; turnover=39,LOC004
SAL000405,STRX000405,PRD0405,32,1000,720,0,77,,,,,Online grocery dataset sales row; status=Discontinued; turnover=24,LOC005
SAL000406,STRX000406,PRD0406,54,670,482,0,92,,,,,Online grocery dataset sales row; status=Backordered; turnover=85,LOC001
SAL000407,STRX000407,PRD0407,21,700,504,0,65,,,,,Online grocery dataset sales row; status=Discontinued; turnover=42,LOC002
SAL000408,STRX000408,PRD0408,69,900,648,0,28,,,,,Online grocery dataset sales row; status=Backordered; turnover=51,LOC003
SAL000409,STRX000409,PRD0409,47,600,432,0,24,,,,,Online grocery dataset sales row; status=Active; turnover=71,LOC004
SAL000410,STRX000410,PRD0410,50,600,432,0,14,,,,,Online grocery dataset sales row; status=Backordered; turnover=5,LOC005
SAL000411,STRX000411,PRD0411,30,350,252,0,57,,,,,Online grocery dataset sales row; status=Discontinued; turnover=42,LOC001
SAL000412,STRX000412,PRD0412,46,300,216,0,28,,,,,Online grocery dataset sales row; status=Backordered; turnover=88,LOC002
SAL000413,STRX000413,PRD0413,78,600,432,0,65,,,,,Online grocery dataset sales row; status=Backordered; turnover=73,LOC003
SAL000414,STRX000414,PRD0414,50,175,126,0,92,,,,,Online grocery dataset sales row; status=Discontinued; turnover=67,LOC004
SAL000415,STRX000415,PRD0415,92,300,216,0,85,,,,,Online grocery dataset sales row; status=Backordered; turnover=72,LOC005
SAL000416,STRX000416,PRD0416,58,100,72,0,1,,,,,Online grocery dataset sales row; status=Discontinued; turnover=55,LOC001
SAL000417,STRX000417,PRD0417,71,200,144,0,10,,,,,Online grocery dataset sales row; status=Backordered; turnover=61,LOC002
SAL000418,STRX000418,PRD0418,77,1531,1102,0,29,,,,,Online grocery dataset sales row; status=Backordered; turnover=27,LOC003
SAL000419,STRX000419,PRD0419,50,800,576,0,17,,,,,Online grocery dataset sales row; status=Active; turnover=65,LOC004
SAL000420,STRX000420,PRD0420,63,900,648,0,65,,,,,Online grocery dataset sales row; status=Backordered; turnover=7,LOC005
SAL000421,STRX000421,PRD0421,26,290,208,0,75,,,,,Online grocery dataset sales row; status=Discontinued; turnover=41,LOC001
SAL000422,STRX000422,PRD0422,45,500,360,0,20,,,,,Online grocery dataset sales row; status=Discontinued; turnover=15,LOC002
SAL000423,STRX000423,PRD0423,48,150,108,0,10,,,,,Online grocery dataset sales row; status=Discontinued; turnover=65,LOC003
SAL000424,STRX000424,PRD0424,80,1550,1116,0,77,,,,,Online grocery dataset sales row; status=Discontinued; turnover=42,LOC004
SAL000425,STRX000425,PRD0425,49,900,648,0,80,,,,,Online grocery dataset sales row; status=Backordered; turnover=40,LOC005
SAL000426,STRX000426,PRD0426,89,1500,1080,0,72,,,,,Online grocery dataset sales row; status=Active; turnover=4,LOC001
SAL000427,STRX000427,PRD0427,34,1000,720,0,64,,,,,Online grocery dataset sales row; status=Discontinued; turnover=48,LOC002
SAL000428,STRX000428,PRD0428,38,240,172,0,6,,,,,Online grocery dataset sales row; status=Backordered; turnover=70,LOC003
SAL000429,STRX000429,PRD0429,48,250,180,0,78,,,,,Online grocery dataset sales row; status=Backordered; turnover=98,LOC004
SAL000430,STRX000430,PRD0430,31,150,108,0,60,,,,,Online grocery dataset sales row; status=Backordered; turnover=41,LOC005
SAL000431,STRX000431,PRD0431,78,1180,849,0,9,,,,,Online grocery dataset sales row; status=Active; turnover=67,LOC001
SAL000432,STRX000432,PRD0432,80,750,540,0,29,,,,,Online grocery dataset sales row; status=Backordered; turnover=43,LOC002
SAL000433,STRX000433,PRD0433,61,450,324,0,4,,,,,Online grocery dataset sales row; status=Active; turnover=73,LOC003
SAL000434,STRX000434,PRD0434,74,350,252,0,71,,,,,Online grocery dataset sales row; status=Active; turnover=57,LOC004
SAL000435,STRX000435,PRD0435,57,200,144,0,64,,,,,Online grocery dataset sales row; status=Active; turnover=4,LOC005
SAL000436,STRX000436,PRD0436,76,245,176,0,90,,,,,Online grocery dataset sales row; status=Active; turnover=78,LOC001
SAL000437,STRX000437,PRD0437,23,400,288,0,67,,,,,Online grocery dataset sales row; status=Discontinued; turnover=78,LOC002
SAL000438,STRX000438,PRD0438,27,1800,1296,0,33,,,,,Online grocery dataset sales row; status=Backordered; turnover=73,LOC003
SAL000439,STRX000439,PRD0439,82,250,180,0,24,,,,,Online grocery dataset sales row; status=Discontinued; turnover=5,LOC004
SAL000440,STRX000440,PRD0440,48,700,504,0,42,,,,,Online grocery dataset sales row; status=Active; turnover=23,LOC005
SAL000441,STRX000441,PRD0441,39,2000,1440,0,83,,,,,Online grocery dataset sales row; status=Active; turnover=79,LOC001
SAL000442,STRX000442,PRD0442,89,250,180,0,88,,,,,Online grocery dataset sales row; status=Backordered; turnover=37,LOC002
SAL000443,STRX000443,PRD0443,35,200,144,0,3,,,,,Online grocery dataset sales row; status=Active; turnover=22,LOC003
SAL000444,STRX000444,PRD0444,33,250,180,0,60,,,,,Online grocery dataset sales row; status=Backordered; turnover=31,LOC004
SAL000445,STRX000445,PRD0445,85,400,288,0,54,,,,,Online grocery dataset sales row; status=Discontinued; turnover=44,LOC005
SAL000446,STRX000446,PRD0446,96,100,72,0,75,,,,,Online grocery dataset sales row; status=Discontinued; turnover=38,LOC001
SAL000447,STRX000447,PRD0447,47,400,288,0,69,,,,,Online grocery dataset sales row; status=Active; turnover=35,LOC002
SAL000448,STRX000448,PRD0448,93,500,360,0,59,,,,,Online grocery dataset sales row; status=Discontinued; turnover=45,LOC003
SAL000449,STRX000449,PRD0449,47,600,432,0,79,,,,,Online grocery dataset sales row; status=Active; turnover=18,LOC004
SAL000450,STRX000450,PRD0450,39,150,108,0,81,,,,,Online grocery dataset sales row; status=Backordered; turnover=85,LOC005
SAL000451,STRX000451,PRD0451,39,300,216,0,41,,,,,Online grocery dataset sales row; status=Active; turnover=54,LOC001
SAL000452,STRX000452,PRD0452,59,550,396,0,62,,,,,Online grocery dataset sales row; status=Active; turnover=19,LOC002
SAL000453,STRX000453,PRD0453,23,300,216,0,72,,,,,Online grocery dataset sales row; status=Active; turnover=17,LOC003
SAL000454,STRX000454,PRD0454,54,1000,720,0,99,,,,,Online grocery dataset sales row; status=Discontinued; turnover=92,LOC004
SAL000455,STRX000455,PRD0455,62,170,122,0,50,,,,,Online grocery dataset sales row; status=Backordered; turnover=26,LOC005
SAL000456,STRX000456,PRD0456,90,400,288,0,87,,,,,Online grocery dataset sales row; status=Active; turnover=14,LOC001
SAL000457,STRX000457,PRD0457,50,80,57,0,33,,,,,Online grocery dataset sales row; status=Discontinued; turnover=35,LOC002
SAL000458,STRX000458,PRD0458,47,500,360,0,1,,,,,Online grocery dataset sales row; status=Active; turnover=79,LOC003
SAL000459,STRX000459,PRD0459,70,600,432,0,28,,,,,Online grocery dataset sales row; status=Discontinued; turnover=38,LOC004
SAL000460,STRX000460,PRD0460,79,200,144,0,61,,,,,Online grocery dataset sales row; status=Backordered; turnover=69,LOC005
SAL000461,STRX000461,PRD0461,69,410,295,0,12,,,,,Online grocery dataset sales row; status=Active; turnover=93,LOC001
SAL000462,STRX000462,PRD0462,90,480,345,0,82,,,,,Online grocery dataset sales row; status=Backordered; turnover=2,LOC002
SAL000463,STRX000463,PRD0463,34,250,180,0,96,,,,,Online grocery dataset sales row; status=Active; turnover=3,LOC003
SAL000464,STRX000464,PRD0464,96,1500,1080,0,48,,,,,Online grocery dataset sales row; status=Active; turnover=37,LOC004
SAL000465,STRX000465,PRD0465,48,750,540,0,26,,,,,Online grocery dataset sales row; status=Active; turnover=94,LOC005
SAL000466,STRX000466,PRD0466,56,900,648,0,53,,,,,Online grocery dataset sales row; status=Discontinued; turnover=14,LOC001
SAL000467,STRX000467,PRD0467,28,800,576,0,88,,,,,Online grocery dataset sales row; status=Backordered; turnover=18,LOC002
SAL000468,STRX000468,PRD0468,47,250,180,0,91,,,,,Online grocery dataset sales row; status=Discontinued; turnover=4,LOC003
SAL000469,STRX000469,PRD0469,76,500,360,0,50,,,,,Online grocery dataset sales row; status=Discontinued; turnover=35,LOC004
SAL000470,STRX000470,PRD0470,81,240,172,0,21,,,,,Online grocery dataset sales row; status=Active; turnover=8,LOC005
SAL000471,STRX000471,PRD0471,74,550,396,0,34,,,,,Online grocery dataset sales row; status=Backordered; turnover=70,LOC001
SAL000472,STRX000472,PRD0472,72,400,288,0,43,,,,,Online grocery dataset sales row; status=Active; turnover=64,LOC002
SAL000473,STRX000473,PRD0473,48,200,144,0,9,,,,,Online grocery dataset sales row; status=Discontinued; turnover=96,LOC003
SAL000474,STRX000474,PRD0474,43,2530,1821,0,27,,,,,Online grocery dataset sales row; status=Active; turnover=91,LOC004
SAL000475,STRX000475,PRD0475,27,1000,720,0,36,,,,,Online grocery dataset sales row; status=Discontinued; turnover=6,LOC005
SAL000476,STRX000476,PRD0476,51,250,180,0,3,,,,,Online grocery dataset sales row; status=Discontinued; turnover=87,LOC001
SAL000477,STRX000477,PRD0477,22,450,324,0,80,,,,,Online grocery dataset sales row; status=Discontinued; turnover=67,LOC002
SAL000478,STRX000478,PRD0478,30,250,180,0,66,,,,,Online grocery dataset sales row; status=Discontinued; turnover=6,LOC003
SAL000479,STRX000479,PRD0479,60,950,684,0,17,,,,,Online grocery dataset sales row; status=Active; turnover=20,LOC004
SAL000480,STRX000480,PRD0480,70,300,216,0,64,,,,,Online grocery dataset sales row; status=Discontinued; turnover=58,LOC005
SAL000481,STRX000481,PRD0481,83,300,216,0,58,,,,,Online grocery dataset sales row; status=Active; turnover=49,LOC001
SAL000482,STRX000482,PRD0482,37,200,144,0,10,,,,,Online grocery dataset sales row; status=Discontinued; turnover=11,LOC002
SAL000483,STRX000483,PRD0483,62,420,302,0,60,,,,,Online grocery dataset sales row; status=Backordered; turnover=3,LOC003
SAL000484,STRX000484,PRD0484,60,920,662,0,14,,,,,Online grocery dataset sales row; status=Backordered; turnover=72,LOC004
SAL000485,STRX000485,PRD0485,73,440,316,0,12,,,,,Online grocery dataset sales row; status=Backordered; turnover=20,LOC005
SAL000486,STRX000486,PRD0486,89,2500,1800,0,31,,,,,Online grocery dataset sales row; status=Backordered; turnover=100,LOC001
SAL000487,STRX000487,PRD0487,67,400,288,0,72,,,,,Online grocery dataset sales row; status=Active; turnover=63,LOC002
SAL000488,STRX000488,PRD0488,75,400,288,0,90,,,,,Online grocery dataset sales row; status=Backordered; turnover=19,LOC003
SAL000489,STRX000489,PRD0489,44,145,104,0,50,,,,,Online grocery dataset sales row; status=Active; turnover=19,LOC004
SAL000490,STRX000490,PRD0490,80,400,288,0,74,,,,,Online grocery dataset sales row; status=Backordered; turnover=26,LOC005
SAL000491,STRX000491,PRD0491,31,2000,1440,0,13,,,,,Online grocery dataset sales row; status=Backordered; turnover=28,LOC001
SAL000492,STRX000492,PRD0492,73,100,72,0,64,,,,,Online grocery dataset sales row; status=Active; turnover=38,LOC002
SAL000493,STRX000493,PRD0493,91,250,180,0,35,,,,,Online grocery dataset sales row; status=Backordered; turnover=71,LOC003
SAL000494,STRX000494,PRD0494,24,300,216,0,41,,,,,Online grocery dataset sales row; status=Discontinued; turnover=77,LOC004
SAL000495,STRX000495,PRD0495,49,175,126,0,83,,,,,Online grocery dataset sales row; status=Backordered; turnover=75,LOC005
SAL000496,STRX000496,PRD0496,49,650,468,0,34,,,,,Online grocery dataset sales row; status=Discontinued; turnover=96,LOC001
SAL000497,STRX000497,PRD0497,27,1000,720,0,49,,,,,Online grocery dataset sales row; status=Discontinued; turnover=37,LOC002
SAL000498,STRX000498,PRD0498,23,250,180,0,63,,,,,Online grocery dataset sales row; status=Backordered; turnover=46,LOC003
SAL000499,STRX000499,PRD0499,42,550,396,0,61,,,,,Online grocery dataset sales row; status=Backordered; turnover=18,LOC004
SAL000500,STRX000500,PRD0500,78,400,288,0,49,,,,,Online grocery dataset sales row; status=Discontinued; turnover=20,LOC005
SAL000501,STRX000501,PRD0501,68,800,576,0,89,,,,,Online grocery dataset sales row; status=Discontinued; turnover=93,LOC001
SAL000502,STRX000502,PRD0502,25,100,72,0,95,,,,,Online grocery dataset sales row; status=Backordered; turnover=23,LOC002
SAL000503,STRX000503,PRD0503,21,500,360,0,6,,,,,Online grocery dataset sales row; status=Active; turnover=58,LOC003
SAL000504,STRX000504,PRD0504,58,400,288,0,97,,,,,Online grocery dataset sales row; status=Discontinued; turnover=14,LOC004
SAL000505,STRX000505,PRD0505,62,700,504,0,17,,,,,Online grocery dataset sales row; status=Backordered; turnover=89,LOC005
SAL000506,STRX000506,PRD0506,90,200,144,0,76,,,,,Online grocery dataset sales row; status=Backordered; turnover=26,LOC001
SAL000507,STRX000507,PRD0507,25,350,252,0,25,,,,,Online grocery dataset sales row; status=Active; turnover=83,LOC002
SAL000508,STRX000508,PRD0508,38,200,144,0,32,,,,,Online grocery dataset sales row; status=Discontinued; turnover=61,LOC003
SAL000509,STRX000509,PRD0509,86,650,468,0,7,,,,,Online grocery dataset sales row; status=Discontinued; turnover=77,LOC004
SAL000510,STRX000510,PRD0510,76,245,176,0,22,,,,,Online grocery dataset sales row; status=Backordered; turnover=70,LOC005
SAL000511,STRX000511,PRD0511,34,1550,1116,0,23,,,,,Online grocery dataset sales row; status=Discontinued; turnover=68,LOC001
SAL000512,STRX000512,PRD0512,46,400,288,0,3,,,,,Online grocery dataset sales row; status=Discontinued; turnover=29,LOC002
SAL000513,STRX000513,PRD0513,96,300,216,0,91,,,,,Online grocery dataset sales row; status=Backordered; turnover=73,LOC003
SAL000514,STRX000514,PRD0514,24,950,684,0,8,,,,,Online grocery dataset sales row; status=Active; turnover=53,LOC004
SAL000515,STRX000515,PRD0515,61,230,165,0,51,,,,,Online grocery dataset sales row; status=Discontinued; turnover=4,LOC005
SAL000516,STRX000516,PRD0516,79,230,165,0,17,,,,,Online grocery dataset sales row; status=Backordered; turnover=75,LOC001
SAL000517,STRX000517,PRD0517,95,300,216,0,71,,,,,Online grocery dataset sales row; status=Discontinued; turnover=3,LOC002
SAL000518,STRX000518,PRD0518,48,240,172,0,3,,,,,Online grocery dataset sales row; status=Active; turnover=31,LOC003
SAL000519,STRX000519,PRD0519,22,250,180,0,21,,,,,Online grocery dataset sales row; status=Backordered; turnover=25,LOC004
SAL000520,STRX000520,PRD0520,81,1200,864,0,68,,,,,Online grocery dataset sales row; status=Backordered; turnover=26,LOC005
SAL000521,STRX000521,PRD0521,46,90,64,0,39,,,,,Online grocery dataset sales row; status=Backordered; turnover=46,LOC001
SAL000522,STRX000522,PRD0522,34,100,72,0,79,,,,,Online grocery dataset sales row; status=Active; turnover=12,LOC002
SAL000523,STRX000523,PRD0523,76,500,360,0,85,,,,,Online grocery dataset sales row; status=Active; turnover=89,LOC003
SAL000524,STRX000524,PRD0524,77,650,468,0,86,,,,,Online grocery dataset sales row; status=Active; turnover=57,LOC004
SAL000525,STRX000525,PRD0525,77,175,126,0,69,,,,,Online grocery dataset sales row; status=Discontinued; turnover=56,LOC005
SAL000526,STRX000526,PRD0526,89,410,295,0,24,,,,,Online grocery dataset sales row; status=Active; turnover=80,LOC001
SAL000527,STRX000527,PRD0527,46,3050,2196,0,9,,,,,Online grocery dataset sales row; status=Discontinued; turnover=32,LOC002
SAL000528,STRX000528,PRD0528,66,900,648,0,7,,,,,Online grocery dataset sales row; status=Active; turnover=71,LOC003
SAL000529,STRX000529,PRD0529,28,1200,864,0,91,,,,,Online grocery dataset sales row; status=Active; turnover=40,LOC004
SAL000530,STRX000530,PRD0530,34,550,396,0,45,,,,,Online grocery dataset sales row; status=Backordered; turnover=23,LOC005
SAL000531,STRX000531,PRD0531,57,890,640,0,28,,,,,Online grocery dataset sales row; status=Backordered; turnover=41,LOC001
SAL000532,STRX000532,PRD0532,54,440,316,0,67,,,,,Online grocery dataset sales row; status=Backordered; turnover=46,LOC002
SAL000533,STRX000533,PRD0533,63,2500,1800,0,78,,,,,Online grocery dataset sales row; status=Backordered; turnover=15,LOC003
SAL000534,STRX000534,PRD0534,88,620,446,0,46,,,,,Online grocery dataset sales row; status=Active; turnover=70,LOC004
SAL000535,STRX000535,PRD0535,62,1200,864,0,65,,,,,Online grocery dataset sales row; status=Active; turnover=47,LOC005
SAL000536,STRX000536,PRD0536,90,100,72,0,53,,,,,Online grocery dataset sales row; status=Backordered; turnover=89,LOC001
SAL000537,STRX000537,PRD0537,89,250,180,0,68,,,,,Online grocery dataset sales row; status=Backordered; turnover=24,LOC002
SAL000538,STRX000538,PRD0538,52,255,183,0,27,,,,,Online grocery dataset sales row; status=Discontinued; turnover=97,LOC003
SAL000539,STRX000539,PRD0539,100,2000,1440,0,10,,,,,Online grocery dataset sales row; status=Backordered; turnover=66,LOC004
SAL000540,STRX000540,PRD0540,88,350,252,0,7,,,,,Online grocery dataset sales row; status=Discontinued; turnover=96,LOC005
SAL000541,STRX000541,PRD0541,92,248,178,0,66,,,,,Online grocery dataset sales row; status=Backordered; turnover=72,LOC001
SAL000542,STRX000542,PRD0542,26,250,180,0,93,,,,,Online grocery dataset sales row; status=Backordered; turnover=44,LOC002
SAL000543,STRX000543,PRD0543,51,300,216,0,72,,,,,Online grocery dataset sales row; status=Active; turnover=41,LOC003
SAL000544,STRX000544,PRD0544,52,590,424,0,15,,,,,Online grocery dataset sales row; status=Backordered; turnover=81,LOC004
SAL000545,STRX000545,PRD0545,47,300,216,0,55,,,,,Online grocery dataset sales row; status=Backordered; turnover=59,LOC005
SAL000546,STRX000546,PRD0546,54,440,316,0,28,,,,,Online grocery dataset sales row; status=Discontinued; turnover=32,LOC001
SAL000547,STRX000547,PRD0547,56,600,432,0,55,,,,,Online grocery dataset sales row; status=Active; turnover=31,LOC002
SAL000548,STRX000548,PRD0548,51,650,468,0,84,,,,,Online grocery dataset sales row; status=Active; turnover=73,LOC003
SAL000549,STRX000549,PRD0549,37,250,180,0,15,,,,,Online grocery dataset sales row; status=Active; turnover=41,LOC004
SAL000550,STRX000550,PRD0550,58,475,342,0,19,,,,,Online grocery dataset sales row; status=Discontinued; turnover=27,LOC005
SAL000551,STRX000551,PRD0551,28,250,180,0,92,,,,,Online grocery dataset sales row; status=Active; turnover=71,LOC001
SAL000552,STRX000552,PRD0552,71,475,342,0,48,,,,,Online grocery dataset sales row; status=Backordered; turnover=65,LOC002
SAL000553,STRX000553,PRD0553,60,390,280,0,71,,,,,Online grocery dataset sales row; status=Active; turnover=67,LOC003
SAL000554,STRX000554,PRD0554,22,550,396,0,62,,,,,Online grocery dataset sales row; status=Backordered; turnover=38,LOC004
SAL000555,STRX000555,PRD0555,24,450,324,0,25,,,,,Online grocery dataset sales row; status=Backordered; turnover=77,LOC005
SAL000556,STRX000556,PRD0556,32,420,302,0,1,,,,,Online grocery dataset sales row; status=Discontinued; turnover=87,LOC001
SAL000557,STRX000557,PRD0557,73,400,288,0,8,,,,,Online grocery dataset sales row; status=Discontinued; turnover=64,LOC002
SAL000558,STRX000558,PRD0558,27,280,201,0,2,,,,,Online grocery dataset sales row; status=Discontinued; turnover=1,LOC003
SAL000559,STRX000559,PRD0559,35,500,360,0,96,,,,,Online grocery dataset sales row; status=Backordered; turnover=23,LOC004
SAL000560,STRX000560,PRD0560,36,2000,1440,0,36,,,,,Online grocery dataset sales row; status=Active; turnover=6,LOC005
SAL000561,STRX000561,PRD0561,58,150,108,0,97,,,,,Online grocery dataset sales row; status=Active; turnover=21,LOC001
SAL000562,STRX000562,PRD0562,38,950,684,0,47,,,,,Online grocery dataset sales row; status=Backordered; turnover=89,LOC002
SAL000563,STRX000563,PRD0563,90,1030,741,0,62,,,,,Online grocery dataset sales row; status=Backordered; turnover=94,LOC003
SAL000564,STRX000564,PRD0564,45,600,432,0,40,,,,,Online grocery dataset sales row; status=Backordered; turnover=86,LOC004
SAL000565,STRX000565,PRD0565,56,170,122,0,12,,,,,Online grocery dataset sales row; status=Backordered; turnover=31,LOC005
SAL000566,STRX000566,PRD0566,59,550,396,0,72,,,,,Online grocery dataset sales row; status=Active; turnover=8,LOC001
SAL000567,STRX000567,PRD0567,31,750,540,0,21,,,,,Online grocery dataset sales row; status=Discontinued; turnover=47,LOC002
SAL000568,STRX000568,PRD0568,96,80,57,0,94,,,,,Online grocery dataset sales row; status=Backordered; turnover=30,LOC003
SAL000569,STRX000569,PRD0569,57,300,216,0,62,,,,,Online grocery dataset sales row; status=Backordered; turnover=98,LOC004
SAL000570,STRX000570,PRD0570,34,250,180,0,16,,,,,Online grocery dataset sales row; status=Active; turnover=66,LOC005
SAL000571,STRX000571,PRD0571,50,500,360,0,21,,,,,Online grocery dataset sales row; status=Active; turnover=99,LOC001
SAL000572,STRX000572,PRD0572,64,250,180,0,54,,,,,Online grocery dataset sales row; status=Active; turnover=73,LOC002
SAL000573,STRX000573,PRD0573,30,100,72,0,61,,,,,Online grocery dataset sales row; status=Discontinued; turnover=100,LOC003
SAL000574,STRX000574,PRD0574,42,295,212,0,8,,,,,Online grocery dataset sales row; status=Active; turnover=66,LOC004
SAL000575,STRX000575,PRD0575,22,1000,720,0,89,,,,,Online grocery dataset sales row; status=Backordered; turnover=83,LOC005
SAL000576,STRX000576,PRD0576,70,500,360,0,29,,,,,Online grocery dataset sales row; status=Backordered; turnover=26,LOC001
SAL000577,STRX000577,PRD0577,71,800,576,0,34,,,,,Online grocery dataset sales row; status=Discontinued; turnover=17,LOC002
SAL000578,STRX000578,PRD0578,46,700,504,0,4,,,,,Online grocery dataset sales row; status=Active; turnover=92,LOC003
SAL000579,STRX000579,PRD0579,90,250,180,0,89,,,,,Online grocery dataset sales row; status=Discontinued; turnover=52,LOC004
SAL000580,STRX000580,PRD0580,82,300,216,0,17,,,,,Online grocery dataset sales row; status=Backordered; turnover=84,LOC005
SAL000581,STRX000581,PRD0581,25,250,180,0,29,,,,,Online grocery dataset sales row; status=Active; turnover=22,LOC001
SAL000582,STRX000582,PRD0582,62,500,360,0,3,,,,,Online grocery dataset sales row; status=Backordered; turnover=20,LOC002
SAL000583,STRX000583,PRD0583,85,250,180,0,31,,,,,Online grocery dataset sales row; status=Backordered; turnover=39,LOC003
SAL000584,STRX000584,PRD0584,33,1000,720,0,17,,,,,Online grocery dataset sales row; status=Active; turnover=20,LOC004
SAL000585,STRX000585,PRD0585,30,500,360,0,9,,,,,Online grocery dataset sales row; status=Backordered; turnover=68,LOC005
SAL000586,STRX000586,PRD0586,52,900,648,0,57,,,,,Online grocery dataset sales row; status=Discontinued; turnover=86,LOC001
SAL000587,STRX000587,PRD0587,82,600,432,0,1,,,,,Online grocery dataset sales row; status=Backordered; turnover=8,LOC002
SAL000588,STRX000588,PRD0588,95,1250,900,0,31,,,,,Online grocery dataset sales row; status=Active; turnover=61,LOC003
SAL000589,STRX000589,PRD0589,71,190,136,0,75,,,,,Online grocery dataset sales row; status=Discontinued; turnover=21,LOC004
SAL000590,STRX000590,PRD0590,87,500,360,0,83,,,,,Online grocery dataset sales row; status=Discontinued; turnover=10,LOC005
SAL000591,STRX000591,PRD0591,50,265,190,0,76,,,,,Online grocery dataset sales row; status=Backordered; turnover=50,LOC001
SAL000592,STRX000592,PRD0592,65,1000,720,0,75,,,,,Online grocery dataset sales row; status=Active; turnover=62,LOC002
SAL000593,STRX000593,PRD0593,52,500,360,0,59,,,,,Online grocery dataset sales row; status=Backordered; turnover=57,LOC003
SAL000594,STRX000594,PRD0594,26,500,360,0,6,,,,,Online grocery dataset sales row; status=Discontinued; turnover=71,LOC004
SAL000595,STRX000595,PRD0595,37,300,216,0,89,,,,,Online grocery dataset sales row; status=Active; turnover=48,LOC005
SAL000596,STRX000596,PRD0596,41,550,396,0,74,,,,,Online grocery dataset sales row; status=Discontinued; turnover=59,LOC001
SAL000597,STRX000597,PRD0597,54,650,468,0,78,,,,,Online grocery dataset sales row; status=Backordered; turnover=89,LOC002
SAL000598,STRX000598,PRD0598,57,290,208,0,58,,,,,Online grocery dataset sales row; status=Backordered; turnover=74,LOC003
SAL000599,STRX000599,PRD0599,69,600,432,0,17,,,,,Online grocery dataset sales row; status=Backordered; turnover=100,LOC004
SAL000600,STRX000600,PRD0600,49,400,288,0,52,,,,,Online grocery dataset sales row; status=Backordered; turnover=37,LOC005
SAL000601,STRX000601,PRD0601,53,570,410,0,91,,,,,Online grocery dataset sales row; status=Discontinued; turnover=87,LOC001
SAL000602,STRX000602,PRD0602,82,180,129,0,23,,,,,Online grocery dataset sales row; status=Backordered; turnover=61,LOC002
SAL000603,STRX000603,PRD0603,58,385,277,0,16,,,,,Online grocery dataset sales row; status=Backordered; turnover=36,LOC003
SAL000604,STRX000604,PRD0604,62,250,180,0,62,,,,,Online grocery dataset sales row; status=Backordered; turnover=45,LOC004
SAL000605,STRX000605,PRD0605,29,500,360,0,86,,,,,Online grocery dataset sales row; status=Discontinued; turnover=8,LOC005
SAL000606,STRX000606,PRD0606,42,800,576,0,25,,,,,Online grocery dataset sales row; status=Active; turnover=76,LOC001
SAL000607,STRX000607,PRD0607,78,250,180,0,25,,,,,Online grocery dataset sales row; status=Active; turnover=37,LOC002
SAL000608,STRX000608,PRD0608,25,200,144,0,72,,,,,Online grocery dataset sales row; status=Active; turnover=81,LOC003
SAL000609,STRX000609,PRD0609,35,1800,1296,0,34,,,,,Online grocery dataset sales row; status=Backordered; turnover=52,LOC004
SAL000610,STRX000610,PRD0610,46,250,180,0,80,,,,,Online grocery dataset sales row; status=Discontinued; turnover=54,LOC005
SAL000611,STRX000611,PRD0611,30,245,176,0,82,,,,,Online grocery dataset sales row; status=Discontinued; turnover=34,LOC001
SAL000612,STRX000612,PRD0612,42,1500,1080,0,28,,,,,Online grocery dataset sales row; status=Active; turnover=46,LOC002
SAL000613,STRX000613,PRD0613,49,80,57,0,61,,,,,Online grocery dataset sales row; status=Active; turnover=60,LOC003
SAL000614,STRX000614,PRD0614,64,425,306,0,10,,,,,Online grocery dataset sales row; status=Active; turnover=7,LOC004
SAL000615,STRX000615,PRD0615,100,20,14,0,17,,,,,Online grocery dataset sales row; status=Backordered; turnover=63,LOC005
SAL000616,STRX000616,PRD0616,42,450,324,0,32,,,,,Online grocery dataset sales row; status=Active; turnover=27,LOC001
SAL000617,STRX000617,PRD0617,65,400,288,0,62,,,,,Online grocery dataset sales row; status=Active; turnover=96,LOC002
SAL000618,STRX000618,PRD0618,29,430,309,0,11,,,,,Online grocery dataset sales row; status=Backordered; turnover=72,LOC003
SAL000619,STRX000619,PRD0619,29,450,324,0,87,,,,,Online grocery dataset sales row; status=Active; turnover=6,LOC004
SAL000620,STRX000620,PRD0620,59,550,396,0,68,,,,,Online grocery dataset sales row; status=Discontinued; turnover=16,LOC005
SAL000621,STRX000621,PRD0621,53,800,576,0,14,,,,,Online grocery dataset sales row; status=Active; turnover=33,LOC001
SAL000622,STRX000622,PRD0622,62,445,320,0,55,,,,,Online grocery dataset sales row; status=Active; turnover=89,LOC002
SAL000623,STRX000623,PRD0623,45,250,180,0,100,,,,,Online grocery dataset sales row; status=Discontinued; turnover=45,LOC003
SAL000624,STRX000624,PRD0624,39,150,108,0,72,,,,,Online grocery dataset sales row; status=Active; turnover=78,LOC004
SAL000625,STRX000625,PRD0625,27,710,511,0,82,,,,,Online grocery dataset sales row; status=Discontinued; turnover=67,LOC005
SAL000626,STRX000626,PRD0626,85,600,432,0,21,,,,,Online grocery dataset sales row; status=Backordered; turnover=17,LOC001
SAL000627,STRX000627,PRD0627,22,200,144,0,75,,,,,Online grocery dataset sales row; status=Active; turnover=46,LOC002
SAL000628,STRX000628,PRD0628,58,1399,1007,0,19,,,,,Online grocery dataset sales row; status=Active; turnover=90,LOC003
SAL000629,STRX000629,PRD0629,27,250,180,0,56,,,,,Online grocery dataset sales row; status=Backordered; turnover=51,LOC004
SAL000630,STRX000630,PRD0630,44,800,576,0,82,,,,,Online grocery dataset sales row; status=Active; turnover=57,LOC005
SAL000631,STRX000631,PRD0631,90,3000,2160,0,22,,,,,Online grocery dataset sales row; status=Active; turnover=11,LOC001
SAL000632,STRX000632,PRD0632,93,300,216,0,28,,,,,Online grocery dataset sales row; status=Active; turnover=69,LOC002
SAL000633,STRX000633,PRD0633,87,235,169,0,24,,,,,Online grocery dataset sales row; status=Backordered; turnover=36,LOC003
SAL000634,STRX000634,PRD0634,74,550,396,0,29,,,,,Online grocery dataset sales row; status=Discontinued; turnover=16,LOC004
SAL000635,STRX000635,PRD0635,38,1200,864,0,68,,,,,Online grocery dataset sales row; status=Active; turnover=51,LOC005
SAL000636,STRX000636,PRD0636,49,300,216,0,6,,,,,Online grocery dataset sales row; status=Active; turnover=9,LOC001
SAL000637,STRX000637,PRD0637,49,800,576,0,27,,,,,Online grocery dataset sales row; status=Active; turnover=58,LOC002
SAL000638,STRX000638,PRD0638,69,435,313,0,94,,,,,Online grocery dataset sales row; status=Backordered; turnover=40,LOC003
SAL000639,STRX000639,PRD0639,77,100,72,0,31,,,,,Online grocery dataset sales row; status=Backordered; turnover=16,LOC004
SAL000640,STRX000640,PRD0640,25,245,176,0,70,,,,,Online grocery dataset sales row; status=Backordered; turnover=39,LOC005
SAL000641,STRX000641,PRD0641,49,500,360,0,35,,,,,Online grocery dataset sales row; status=Discontinued; turnover=55,LOC001
SAL000642,STRX000642,PRD0642,20,580,417,0,57,,,,,Online grocery dataset sales row; status=Discontinued; turnover=100,LOC002
SAL000643,STRX000643,PRD0643,75,625,450,0,3,,,,,Online grocery dataset sales row; status=Backordered; turnover=46,LOC003
SAL000644,STRX000644,PRD0644,92,800,576,0,59,,,,,Online grocery dataset sales row; status=Active; turnover=49,LOC004
SAL000645,STRX000645,PRD0645,30,80,57,0,68,,,,,Online grocery dataset sales row; status=Discontinued; turnover=37,LOC005
SAL000646,STRX000646,PRD0646,23,430,309,0,16,,,,,Online grocery dataset sales row; status=Backordered; turnover=96,LOC001
SAL000647,STRX000647,PRD0647,99,400,288,0,60,,,,,Online grocery dataset sales row; status=Backordered; turnover=68,LOC002
SAL000648,STRX000648,PRD0648,72,500,360,0,78,,,,,Online grocery dataset sales row; status=Discontinued; turnover=84,LOC003
SAL000649,STRX000649,PRD0649,48,300,216,0,97,,,,,Online grocery dataset sales row; status=Active; turnover=100,LOC004
SAL000650,STRX000650,PRD0650,52,450,324,0,93,,,,,Online grocery dataset sales row; status=Backordered; turnover=31,LOC005
SAL000651,STRX000651,PRD0651,69,1200,864,0,10,,,,,Online grocery dataset sales row; status=Active; turnover=98,LOC001
SAL000652,STRX000652,PRD0652,42,245,176,0,1,,,,,Online grocery dataset sales row; status=Active; turnover=91,LOC002
SAL000653,STRX000653,PRD0653,52,90,64,0,1,,,,,Online grocery dataset sales row; status=Discontinued; turnover=19,LOC003
SAL000654,STRX000654,PRD0654,45,900,648,0,53,,,,,Online grocery dataset sales row; status=Discontinued; turnover=95,LOC004
SAL000655,STRX000655,PRD0655,33,20,14,0,58,,,,,Online grocery dataset sales row; status=Active; turnover=68,LOC005
SAL000656,STRX000656,PRD0656,53,250,180,0,47,,,,,Online grocery dataset sales row; status=Backordered; turnover=4,LOC001
SAL000657,STRX000657,PRD0657,28,2000,1440,0,63,,,,,Online grocery dataset sales row; status=Backordered; turnover=26,LOC002
SAL000658,STRX000658,PRD0658,69,400,288,0,25,,,,,Online grocery dataset sales row; status=Backordered; turnover=48,LOC003
SAL000659,STRX000659,PRD0659,64,180,129,0,86,,,,,Online grocery dataset sales row; status=Discontinued; turnover=34,LOC004
SAL000660,STRX000660,PRD0660,39,1200,864,0,3,,,,,Online grocery dataset sales row; status=Discontinued; turnover=28,LOC005
SAL000661,STRX000661,PRD0661,96,1500,1080,0,40,,,,,Online grocery dataset sales row; status=Discontinued; turnover=87,LOC001
SAL000662,STRX000662,PRD0662,80,350,252,0,51,,,,,Online grocery dataset sales row; status=Active; turnover=41,LOC002
SAL000663,STRX000663,PRD0663,80,150,108,0,54,,,,,Online grocery dataset sales row; status=Discontinued; turnover=10,LOC003
SAL000664,STRX000664,PRD0664,59,480,345,0,88,,,,,Online grocery dataset sales row; status=Backordered; turnover=79,LOC004
SAL000665,STRX000665,PRD0665,62,1000,720,0,77,,,,,Online grocery dataset sales row; status=Active; turnover=100,LOC005
SAL000666,STRX000666,PRD0666,22,175,126,0,83,,,,,Online grocery dataset sales row; status=Backordered; turnover=9,LOC001
SAL000667,STRX000667,PRD0667,29,255,183,0,98,,,,,Online grocery dataset sales row; status=Discontinued; turnover=34,LOC002
SAL000668,STRX000668,PRD0668,23,100,72,0,38,,,,,Online grocery dataset sales row; status=Active; turnover=18,LOC003
SAL000669,STRX000669,PRD0669,25,470,338,0,16,,,,,Online grocery dataset sales row; status=Backordered; turnover=96,LOC004
SAL000670,STRX000670,PRD0670,87,250,180,0,20,,,,,Online grocery dataset sales row; status=Discontinued; turnover=68,LOC005
SAL000671,STRX000671,PRD0671,75,1000,720,0,24,,,,,Online grocery dataset sales row; status=Active; turnover=26,LOC001
SAL000672,STRX000672,PRD0672,54,250,180,0,22,,,,,Online grocery dataset sales row; status=Discontinued; turnover=100,LOC002
SAL000673,STRX000673,PRD0673,94,180,129,0,53,,,,,Online grocery dataset sales row; status=Backordered; turnover=82,LOC003
SAL000674,STRX000674,PRD0674,97,250,180,0,10,,,,,Online grocery dataset sales row; status=Active; turnover=52,LOC004
SAL000675,STRX000675,PRD0675,31,100,72,0,54,,,,,Online grocery dataset sales row; status=Backordered; turnover=88,LOC005
SAL000676,STRX000676,PRD0676,74,520,374,0,14,,,,,Online grocery dataset sales row; status=Discontinued; turnover=35,LOC001
SAL000677,STRX000677,PRD0677,28,500,360,0,62,,,,,Online grocery dataset sales row; status=Discontinued; turnover=30,LOC002
SAL000678,STRX000678,PRD0678,95,250,180,0,6,,,,,Online grocery dataset sales row; status=Backordered; turnover=24,LOC003
SAL000679,STRX000679,PRD0679,55,1000,720,0,51,,,,,Online grocery dataset sales row; status=Backordered; turnover=100,LOC004
SAL000680,STRX000680,PRD0680,48,1000,720,0,31,,,,,Online grocery dataset sales row; status=Active; turnover=51,LOC005
SAL000681,STRX000681,PRD0681,100,300,216,0,88,,,,,Online grocery dataset sales row; status=Backordered; turnover=52,LOC001
SAL000682,STRX000682,PRD0682,94,600,432,0,87,,,,,Online grocery dataset sales row; status=Backordered; turnover=10,LOC002
SAL000683,STRX000683,PRD0683,51,250,180,0,77,,,,,Online grocery dataset sales row; status=Backordered; turnover=48,LOC003
SAL000684,STRX000684,PRD0684,81,150,108,0,91,,,,,Online grocery dataset sales row; status=Active; turnover=74,LOC004
SAL000685,STRX000685,PRD0685,77,250,180,0,57,,,,,Online grocery dataset sales row; status=Active; turnover=32,LOC005
SAL000686,STRX000686,PRD0686,36,6655,4791,0,21,,,,,Online grocery dataset sales row; status=Discontinued; turnover=35,LOC001
SAL000687,STRX000687,PRD0687,77,250,180,0,43,,,,,Online grocery dataset sales row; status=Active; turnover=60,LOC002
SAL000688,STRX000688,PRD0688,45,410,295,0,43,,,,,Online grocery dataset sales row; status=Backordered; turnover=87,LOC003
SAL000689,STRX000689,PRD0689,83,950,684,0,47,,,,,Online grocery dataset sales row; status=Discontinued; turnover=69,LOC004
SAL000690,STRX000690,PRD0690,76,400,288,0,63,,,,,Online grocery dataset sales row; status=Active; turnover=29,LOC005
SAL000691,STRX000691,PRD0691,78,475,342,0,25,,,,,Online grocery dataset sales row; status=Discontinued; turnover=1,LOC001
SAL000692,STRX000692,PRD0692,86,700,504,0,22,,,,,Online grocery dataset sales row; status=Active; turnover=30,LOC002
SAL000693,STRX000693,PRD0693,62,700,504,0,80,,,,,Online grocery dataset sales row; status=Discontinued; turnover=22,LOC003
SAL000694,STRX000694,PRD0694,78,180,129,0,57,,,,,Online grocery dataset sales row; status=Active; turnover=60,LOC004
SAL000695,STRX000695,PRD0695,73,450,324,0,19,,,,,Online grocery dataset sales row; status=Active; turnover=42,LOC005
SAL000696,STRX000696,PRD0696,80,200,144,0,12,,,,,Online grocery dataset sales row; status=Discontinued; turnover=8,LOC001
SAL000697,STRX000697,PRD0697,78,650,468,0,86,,,,,Online grocery dataset sales row; status=Backordered; turnover=53,LOC002
SAL000698,STRX000698,PRD0698,91,250,180,0,43,,,,,Online grocery dataset sales row; status=Discontinued; turnover=86,LOC003
SAL000699,STRX000699,PRD0699,46,450,324,0,26,,,,,Online grocery dataset sales row; status=Backordered; turnover=67,LOC004
SAL000700,STRX000700,PRD0700,48,4258,3065,0,38,,,,,Online grocery dataset sales row; status=Backordered; turnover=56,LOC005
SAL000701,STRX000701,PRD0701,42,250,180,0,49,,,,,Online grocery dataset sales row; status=Discontinued; turnover=44,LOC001
SAL000702,STRX000702,PRD0702,66,250,180,0,94,,,,,Online grocery dataset sales row; status=Backordered; turnover=36,LOC002
SAL000703,STRX000703,PRD0703,54,200,144,0,8,,,,,Online grocery dataset sales row; status=Backordered; turnover=45,LOC003
SAL000704,STRX000704,PRD0704,62,20,14,0,29,,,,,Online grocery dataset sales row; status=Backordered; turnover=55,LOC004
SAL000705,STRX000705,PRD0705,63,200,144,0,71,,,,,Online grocery dataset sales row; status=Discontinued; turnover=23,LOC005
SAL000706,STRX000706,PRD0706,75,475,342,0,83,,,,,Online grocery dataset sales row; status=Backordered; turnover=12,LOC001
SAL000707,STRX000707,PRD0707,72,1000,720,0,42,,,,,Online grocery dataset sales row; status=Discontinued; turnover=28,LOC002
SAL000708,STRX000708,PRD0708,48,720,518,0,58,,,,,Online grocery dataset sales row; status=Discontinued; turnover=17,LOC003
SAL000709,STRX000709,PRD0709,26,275,198,0,67,,,,,Online grocery dataset sales row; status=Backordered; turnover=1,LOC004
SAL000710,STRX000710,PRD0710,89,1500,1080,0,12,,,,,Online grocery dataset sales row; status=Active; turnover=92,LOC005
SAL000711,STRX000711,PRD0711,74,2500,1800,0,83,,,,,Online grocery dataset sales row; status=Backordered; turnover=86,LOC001
SAL000712,STRX000712,PRD0712,51,200,144,0,65,,,,,Online grocery dataset sales row; status=Active; turnover=78,LOC002
SAL000713,STRX000713,PRD0713,54,1500,1080,0,38,,,,,Online grocery dataset sales row; status=Active; turnover=42,LOC003
SAL000714,STRX000714,PRD0714,51,600,432,0,58,,,,,Online grocery dataset sales row; status=Active; turnover=12,LOC004
SAL000715,STRX000715,PRD0715,52,250,180,0,38,,,,,Online grocery dataset sales row; status=Discontinued; turnover=11,LOC005
SAL000716,STRX000716,PRD0716,55,500,360,0,75,,,,,Online grocery dataset sales row; status=Active; turnover=64,LOC001
SAL000717,STRX000717,PRD0717,24,200,144,0,81,,,,,Online grocery dataset sales row; status=Backordered; turnover=54,LOC002
SAL000718,STRX000718,PRD0718,81,450,324,0,22,,,,,Online grocery dataset sales row; status=Backordered; turnover=88,LOC003
SAL000719,STRX000719,PRD0719,26,200,144,0,7,,,,,Online grocery dataset sales row; status=Backordered; turnover=33,LOC004
SAL000720,STRX000720,PRD0720,64,250,180,0,54,,,,,Online grocery dataset sales row; status=Active; turnover=63,LOC005
SAL000721,STRX000721,PRD0721,34,270,194,0,43,,,,,Online grocery dataset sales row; status=Backordered; turnover=54,LOC001
SAL000722,STRX000722,PRD0722,71,300,216,0,20,,,,,Online grocery dataset sales row; status=Backordered; turnover=97,LOC002
SAL000723,STRX000723,PRD0723,96,300,216,0,48,,,,,Online grocery dataset sales row; status=Backordered; turnover=65,LOC003
SAL000724,STRX000724,PRD0724,73,320,230,0,70,,,,,Online grocery dataset sales row; status=Active; turnover=44,LOC004
SAL000725,STRX000725,PRD0725,34,150,108,0,77,,,,,Online grocery dataset sales row; status=Backordered; turnover=57,LOC005
SAL000726,STRX000726,PRD0726,53,900,648,0,100,,,,,Online grocery dataset sales row; status=Active; turnover=20,LOC001
SAL000727,STRX000727,PRD0727,51,200,144,0,92,,,,,Online grocery dataset sales row; status=Active; turnover=79,LOC002
SAL000728,STRX000728,PRD0728,61,500,360,0,90,,,,,Online grocery dataset sales row; status=Backordered; turnover=80,LOC003
SAL000729,STRX000729,PRD0729,87,350,252,0,36,,,,,Online grocery dataset sales row; status=Backordered; turnover=2,LOC004
SAL000730,STRX000730,PRD0730,67,250,180,0,48,,,,,Online grocery dataset sales row; status=Discontinued; turnover=79,LOC005
SAL000731,STRX000731,PRD0731,24,200,144,0,95,,,,,Online grocery dataset sales row; status=Backordered; turnover=76,LOC001
SAL000732,STRX000732,PRD0732,98,400,288,0,14,,,,,Online grocery dataset sales row; status=Active; turnover=9,LOC002
SAL000733,STRX000733,PRD0733,80,1000,720,0,97,,,,,Online grocery dataset sales row; status=Discontinued; turnover=33,LOC003
SAL000734,STRX000734,PRD0734,40,250,180,0,4,,,,,Online grocery dataset sales row; status=Discontinued; turnover=69,LOC004
SAL000735,STRX000735,PRD0735,63,180,129,0,59,,,,,Online grocery dataset sales row; status=Active; turnover=91,LOC005
SAL000736,STRX000736,PRD0736,28,1800,1296,0,71,,,,,Online grocery dataset sales row; status=Backordered; turnover=14,LOC001
SAL000737,STRX000737,PRD0737,37,1000,720,0,2,,,,,Online grocery dataset sales row; status=Active; turnover=99,LOC002
SAL000738,STRX000738,PRD0738,86,450,324,0,43,,,,,Online grocery dataset sales row; status=Backordered; turnover=62,LOC003
SAL000739,STRX000739,PRD0739,88,20,14,0,19,,,,,Online grocery dataset sales row; status=Discontinued; turnover=24,LOC004
SAL000740,STRX000740,PRD0740,23,500,360,0,96,,,,,Online grocery dataset sales row; status=Discontinued; turnover=47,LOC005
SAL000741,STRX000741,PRD0741,94,610,439,0,80,,,,,Online grocery dataset sales row; status=Discontinued; turnover=49,LOC001
SAL000742,STRX000742,PRD0742,32,700,504,0,7,,,,,Online grocery dataset sales row; status=Discontinued; turnover=65,LOC002
SAL000743,STRX000743,PRD0743,28,400,288,0,91,,,,,Online grocery dataset sales row; status=Discontinued; turnover=47,LOC003
SAL000744,STRX000744,PRD0744,43,1500,1080,0,46,,,,,Online grocery dataset sales row; status=Backordered; turnover=34,LOC004
SAL000745,STRX000745,PRD0745,62,200,144,0,22,,,,,Online grocery dataset sales row; status=Backordered; turnover=78,LOC005
SAL000746,STRX000746,PRD0746,70,635,457,0,41,,,,,Online grocery dataset sales row; status=Backordered; turnover=75,LOC001
SAL000747,STRX000747,PRD0747,32,275,198,0,73,,,,,Online grocery dataset sales row; status=Backordered; turnover=56,LOC002
SAL000748,STRX000748,PRD0748,65,500,360,0,3,,,,,Online grocery dataset sales row; status=Backordered; turnover=16,LOC003
SAL000749,STRX000749,PRD0749,65,530,381,0,36,,,,,Online grocery dataset sales row; status=Active; turnover=100,LOC004
SAL000750,STRX000750,PRD0750,71,300,216,0,12,,,,,Online grocery dataset sales row; status=Active; turnover=30,LOC005
SAL000751,STRX000751,PRD0751,61,630,453,0,34,,,,,Online grocery dataset sales row; status=Backordered; turnover=13,LOC001
SAL000752,STRX000752,PRD0752,53,450,324,0,97,,,,,Online grocery dataset sales row; status=Active; turnover=31,LOC002
SAL000753,STRX000753,PRD0753,78,245,176,0,93,,,,,Online grocery dataset sales row; status=Backordered; turnover=79,LOC003
SAL000754,STRX000754,PRD0754,63,900,648,0,96,,,,,Online grocery dataset sales row; status=Backordered; turnover=84,LOC004
SAL000755,STRX000755,PRD0755,76,1000,720,0,61,,,,,Online grocery dataset sales row; status=Discontinued; turnover=10,LOC005
SAL000756,STRX000756,PRD0756,100,250,180,0,23,,,,,Online grocery dataset sales row; status=Backordered; turnover=54,LOC001
SAL000757,STRX000757,PRD0757,94,600,432,0,97,,,,,Online grocery dataset sales row; status=Discontinued; turnover=58,LOC002
SAL000758,STRX000758,PRD0758,67,2000,1440,0,55,,,,,Online grocery dataset sales row; status=Backordered; turnover=68,LOC003
SAL000759,STRX000759,PRD0759,99,400,288,0,58,,,,,Online grocery dataset sales row; status=Active; turnover=94,LOC004
SAL000760,STRX000760,PRD0760,21,1500,1080,0,67,,,,,Online grocery dataset sales row; status=Active; turnover=61,LOC005
SAL000761,STRX000761,PRD0761,90,400,288,0,4,,,,,Online grocery dataset sales row; status=Discontinued; turnover=30,LOC001
SAL000762,STRX000762,PRD0762,35,750,540,0,56,,,,,Online grocery dataset sales row; status=Discontinued; turnover=82,LOC002
SAL000763,STRX000763,PRD0763,26,400,288,0,22,,,,,Online grocery dataset sales row; status=Backordered; turnover=59,LOC003
SAL000764,STRX000764,PRD0764,39,650,468,0,66,,,,,Online grocery dataset sales row; status=Active; turnover=25,LOC004
SAL000765,STRX000765,PRD0765,96,1500,1080,0,22,,,,,Online grocery dataset sales row; status=Discontinued; turnover=56,LOC005
SAL000766,STRX000766,PRD0766,76,500,360,0,30,,,,,Online grocery dataset sales row; status=Backordered; turnover=69,LOC001
SAL000767,STRX000767,PRD0767,63,475,342,0,26,,,,,Online grocery dataset sales row; status=Discontinued; turnover=59,LOC002
SAL000768,STRX000768,PRD0768,93,975,702,0,56,,,,,Online grocery dataset sales row; status=Active; turnover=88,LOC003
SAL000769,STRX000769,PRD0769,96,120,86,0,58,,,,,Online grocery dataset sales row; status=Backordered; turnover=23,LOC004
SAL000770,STRX000770,PRD0770,36,240,172,0,58,,,,,Online grocery dataset sales row; status=Active; turnover=14,LOC005
SAL000771,STRX000771,PRD0771,33,1500,1080,0,30,,,,,Online grocery dataset sales row; status=Active; turnover=84,LOC001
SAL000772,STRX000772,PRD0772,67,350,252,0,53,,,,,Online grocery dataset sales row; status=Backordered; turnover=43,LOC002
SAL000773,STRX000773,PRD0773,24,200,144,0,87,,,,,Online grocery dataset sales row; status=Backordered; turnover=83,LOC003
SAL000774,STRX000774,PRD0774,90,1490,1072,0,91,,,,,Online grocery dataset sales row; status=Backordered; turnover=75,LOC004
SAL000775,STRX000775,PRD0775,33,450,324,0,37,,,,,Online grocery dataset sales row; status=Discontinued; turnover=20,LOC005
SAL000776,STRX000776,PRD0776,64,680,489,0,52,,,,,Online grocery dataset sales row; status=Discontinued; turnover=17,LOC001
SAL000777,STRX000777,PRD0777,86,300,216,0,35,,,,,Online grocery dataset sales row; status=Backordered; turnover=71,LOC002
SAL000778,STRX000778,PRD0778,32,200,144,0,18,,,,,Online grocery dataset sales row; status=Active; turnover=92,LOC003
SAL000779,STRX000779,PRD0779,59,700,504,0,12,,,,,Online grocery dataset sales row; status=Active; turnover=23,LOC004
SAL000780,STRX000780,PRD0780,40,200,144,0,68,,,,,Online grocery dataset sales row; status=Discontinued; turnover=13,LOC005
SAL000781,STRX000781,PRD0781,86,900,648,0,87,,,,,Online grocery dataset sales row; status=Active; turnover=91,LOC001
SAL000782,STRX000782,PRD0782,24,950,684,0,22,,,,,Online grocery dataset sales row; status=Active; turnover=12,LOC002
SAL000783,STRX000783,PRD0783,93,250,180,0,10,,,,,Online grocery dataset sales row; status=Discontinued; turnover=53,LOC003
SAL000784,STRX000784,PRD0784,95,400,288,0,15,,,,,Online grocery dataset sales row; status=Active; turnover=63,LOC004
SAL000785,STRX000785,PRD0785,87,250,180,0,43,,,,,Online grocery dataset sales row; status=Discontinued; turnover=88,LOC005
SAL000786,STRX000786,PRD0786,63,190,136,0,56,,,,,Online grocery dataset sales row; status=Discontinued; turnover=64,LOC001
SAL000787,STRX000787,PRD0787,78,235,169,0,7,,,,,Online grocery dataset sales row; status=Active; turnover=100,LOC002
SAL000788,STRX000788,PRD0788,53,2525,1818,0,20,,,,,Online grocery dataset sales row; status=Discontinued; turnover=56,LOC003
SAL000789,STRX000789,PRD0789,55,100,72,0,32,,,,,Online grocery dataset sales row; status=Discontinued; turnover=72,LOC004
SAL000790,STRX000790,PRD0790,100,475,342,0,26,,,,,Online grocery dataset sales row; status=Active; turnover=94,LOC005
SAL000791,STRX000791,PRD0791,51,600,432,0,81,,,,,Online grocery dataset sales row; status=Active; turnover=67,LOC001
SAL000792,STRX000792,PRD0792,43,250,180,0,38,,,,,Online grocery dataset sales row; status=Discontinued; turnover=93,LOC002
SAL000793,STRX000793,PRD0793,41,150,108,0,78,,,,,Online grocery dataset sales row; status=Backordered; turnover=63,LOC003
SAL000794,STRX000794,PRD0794,46,180,129,0,83,,,,,Online grocery dataset sales row; status=Discontinued; turnover=4,LOC004
SAL000795,STRX000795,PRD0795,27,950,684,0,19,,,,,Online grocery dataset sales row; status=Backordered; turnover=25,LOC005
SAL000796,STRX000796,PRD0796,86,500,360,0,61,,,,,Online grocery dataset sales row; status=Backordered; turnover=99,LOC001
SAL000797,STRX000797,PRD0797,89,200,144,0,77,,,,,Online grocery dataset sales row; status=Discontinued; turnover=64,LOC002
SAL000798,STRX000798,PRD0798,68,400,288,0,76,,,,,Online grocery dataset sales row; status=Backordered; turnover=100,LOC003
SAL000799,STRX000799,PRD0799,38,625,450,0,48,,,,,Online grocery dataset sales row; status=Backordered; turnover=61,LOC004
SAL000800,STRX000800,PRD0800,47,1500,1080,0,68,,,,,Online grocery dataset sales row; status=Discontinued; turnover=95,LOC005
SAL000801,STRX000801,PRD0801,65,420,302,0,66,,,,,Online grocery dataset sales row; status=Discontinued; turnover=58,LOC001
SAL000802,STRX000802,PRD0802,80,600,432,0,69,,,,,Online grocery dataset sales row; status=Active; turnover=26,LOC002
SAL000803,STRX000803,PRD0803,74,600,432,0,3,,,,,Online grocery dataset sales row; status=Discontinued; turnover=8,LOC003
SAL000804,STRX000804,PRD0804,84,120,86,0,63,,,,,Online grocery dataset sales row; status=Active; turnover=70,LOC004
SAL000805,STRX000805,PRD0805,84,250,180,0,13,,,,,Online grocery dataset sales row; status=Active; turnover=93,LOC005
SAL000806,STRX000806,PRD0806,73,200,144,0,83,,,,,Online grocery dataset sales row; status=Active; turnover=88,LOC001
SAL000807,STRX000807,PRD0807,35,100,72,0,61,,,,,Online grocery dataset sales row; status=Backordered; turnover=7,LOC002
SAL000808,STRX000808,PRD0808,33,180,129,0,5,,,,,Online grocery dataset sales row; status=Discontinued; turnover=9,LOC003
SAL000809,STRX000809,PRD0809,92,1800,1296,0,17,,,,,Online grocery dataset sales row; status=Discontinued; turnover=34,LOC004
SAL000810,STRX000810,PRD0810,77,200,144,0,39,,,,,Online grocery dataset sales row; status=Backordered; turnover=70,LOC005
SAL000811,STRX000811,PRD0811,84,250,180,0,64,,,,,Online grocery dataset sales row; status=Discontinued; turnover=44,LOC001
SAL000812,STRX000812,PRD0812,37,600,432,0,45,,,,,Online grocery dataset sales row; status=Active; turnover=16,LOC002
SAL000813,STRX000813,PRD0813,80,1000,720,0,35,,,,,Online grocery dataset sales row; status=Backordered; turnover=89,LOC003
SAL000814,STRX000814,PRD0814,81,550,396,0,88,,,,,Online grocery dataset sales row; status=Backordered; turnover=77,LOC004
SAL000815,STRX000815,PRD0815,47,400,288,0,56,,,,,Online grocery dataset sales row; status=Backordered; turnover=96,LOC005
SAL000816,STRX000816,PRD0816,41,500,360,0,95,,,,,Online grocery dataset sales row; status=Discontinued; turnover=26,LOC001
SAL000817,STRX000817,PRD0817,34,3000,2160,0,1,,,,,Online grocery dataset sales row; status=Backordered; turnover=63,LOC002
SAL000818,STRX000818,PRD0818,87,175,126,0,42,,,,,Online grocery dataset sales row; status=Active; turnover=59,LOC003
SAL000819,STRX000819,PRD0819,26,950,684,0,12,,,,,Online grocery dataset sales row; status=Discontinued; turnover=32,LOC004
SAL000820,STRX000820,PRD0820,98,200,144,0,2,,,,,Online grocery dataset sales row; status=Active; turnover=82,LOC005
SAL000821,STRX000821,PRD0821,66,2000,1440,0,31,,,,,Online grocery dataset sales row; status=Active; turnover=74,LOC001
SAL000822,STRX000822,PRD0822,36,350,252,0,14,,,,,Online grocery dataset sales row; status=Discontinued; turnover=64,LOC002
SAL000823,STRX000823,PRD0823,72,230,165,0,97,,,,,Online grocery dataset sales row; status=Discontinued; turnover=23,LOC003
SAL000824,STRX000824,PRD0824,65,700,504,0,59,,,,,Online grocery dataset sales row; status=Active; turnover=45,LOC004
SAL000825,STRX000825,PRD0825,52,200,144,0,3,,,,,Online grocery dataset sales row; status=Backordered; turnover=14,LOC005
SAL000826,STRX000826,PRD0826,54,630,453,0,42,,,,,Online grocery dataset sales row; status=Active; turnover=2,LOC001
SAL000827,STRX000827,PRD0827,63,550,396,0,66,,,,,Online grocery dataset sales row; status=Active; turnover=98,LOC002
SAL000828,STRX000828,PRD0828,25,200,144,0,37,,,,,Online grocery dataset sales row; status=Active; turnover=19,LOC003
SAL000829,STRX000829,PRD0829,74,350,252,0,81,,,,,Online grocery dataset sales row; status=Active; turnover=84,LOC004
SAL000830,STRX000830,PRD0830,91,150,108,0,37,,,,,Online grocery dataset sales row; status=Active; turnover=18,LOC005
SAL000831,STRX000831,PRD0831,37,1190,856,0,41,,,,,Online grocery dataset sales row; status=Active; turnover=7,LOC001
SAL000832,STRX000832,PRD0832,36,400,288,0,67,,,,,Online grocery dataset sales row; status=Backordered; turnover=48,LOC002
SAL000833,STRX000833,PRD0833,61,250,180,0,94,,,,,Online grocery dataset sales row; status=Backordered; turnover=92,LOC003
SAL000834,STRX000834,PRD0834,80,250,180,0,49,,,,,Online grocery dataset sales row; status=Discontinued; turnover=36,LOC004
SAL000835,STRX000835,PRD0835,25,200,144,0,56,,,,,Online grocery dataset sales row; status=Active; turnover=36,LOC005
SAL000836,STRX000836,PRD0836,41,175,126,0,69,,,,,Online grocery dataset sales row; status=Backordered; turnover=43,LOC001
SAL000837,STRX000837,PRD0837,25,300,216,0,59,,,,,Online grocery dataset sales row; status=Discontinued; turnover=60,LOC002
SAL000838,STRX000838,PRD0838,77,150,108,0,77,,,,,Online grocery dataset sales row; status=Backordered; turnover=46,LOC003
SAL000839,STRX000839,PRD0839,92,400,288,0,83,,,,,Online grocery dataset sales row; status=Active; turnover=50,LOC004
SAL000840,STRX000840,PRD0840,55,150,108,0,43,,,,,Online grocery dataset sales row; status=Active; turnover=72,LOC005
SAL000841,STRX000841,PRD0841,80,150,108,0,75,,,,,Online grocery dataset sales row; status=Discontinued; turnover=57,LOC001
SAL000842,STRX000842,PRD0842,30,325,234,0,26,,,,,Online grocery dataset sales row; status=Active; turnover=72,LOC002
SAL000843,STRX000843,PRD0843,80,400,288,0,2,,,,,Online grocery dataset sales row; status=Backordered; turnover=85,LOC003
SAL000844,STRX000844,PRD0844,24,400,288,0,69,,,,,Online grocery dataset sales row; status=Discontinued; turnover=20,LOC004
SAL000845,STRX000845,PRD0845,84,490,352,0,63,,,,,Online grocery dataset sales row; status=Discontinued; turnover=34,LOC005
SAL000846,STRX000846,PRD0846,45,400,288,0,3,,,,,Online grocery dataset sales row; status=Discontinued; turnover=69,LOC001
SAL000847,STRX000847,PRD0847,76,250,180,0,66,,,,,Online grocery dataset sales row; status=Active; turnover=73,LOC002
SAL000848,STRX000848,PRD0848,54,800,576,0,29,,,,,Online grocery dataset sales row; status=Discontinued; turnover=38,LOC003
SAL000849,STRX000849,PRD0849,41,600,432,0,35,,,,,Online grocery dataset sales row; status=Active; turnover=27,LOC004
SAL000850,STRX000850,PRD0850,97,500,360,0,76,,,,,Online grocery dataset sales row; status=Backordered; turnover=38,LOC005
SAL000851,STRX000851,PRD0851,74,2000,1440,0,72,,,,,Online grocery dataset sales row; status=Backordered; turnover=15,LOC001
SAL000852,STRX000852,PRD0852,45,175,126,0,93,,,,,Online grocery dataset sales row; status=Backordered; turnover=12,LOC002
SAL000853,STRX000853,PRD0853,100,900,648,0,23,,,,,Online grocery dataset sales row; status=Backordered; turnover=86,LOC003
SAL000854,STRX000854,PRD0854,90,750,540,0,96,,,,,Online grocery dataset sales row; status=Backordered; turnover=75,LOC004
SAL000855,STRX000855,PRD0855,68,200,144,0,99,,,,,Online grocery dataset sales row; status=Discontinued; turnover=76,LOC005
SAL000856,STRX000856,PRD0856,46,200,144,0,40,,,,,Online grocery dataset sales row; status=Active; turnover=9,LOC001
SAL000857,STRX000857,PRD0857,74,800,576,0,66,,,,,Online grocery dataset sales row; status=Discontinued; turnover=93,LOC002
SAL000858,STRX000858,PRD0858,38,500,360,0,27,,,,,Online grocery dataset sales row; status=Backordered; turnover=79,LOC003
SAL000859,STRX000859,PRD0859,64,450,324,0,74,,,,,Online grocery dataset sales row; status=Backordered; turnover=32,LOC004
SAL000860,STRX000860,PRD0860,83,175,126,0,20,,,,,Online grocery dataset sales row; status=Discontinued; turnover=82,LOC005
SAL000861,STRX000861,PRD0861,49,620,446,0,58,,,,,Online grocery dataset sales row; status=Active; turnover=34,LOC001
SAL000862,STRX000862,PRD0862,51,275,198,0,69,,,,,Online grocery dataset sales row; status=Active; turnover=6,LOC002
SAL000863,STRX000863,PRD0863,98,350,252,0,48,,,,,Online grocery dataset sales row; status=Active; turnover=69,LOC003
SAL000864,STRX000864,PRD0864,55,600,432,0,95,,,,,Online grocery dataset sales row; status=Discontinued; turnover=1,LOC004
SAL000865,STRX000865,PRD0865,33,230,165,0,80,,,,,Online grocery dataset sales row; status=Backordered; turnover=38,LOC005
SAL000866,STRX000866,PRD0866,27,800,576,0,41,,,,,Online grocery dataset sales row; status=Active; turnover=78,LOC001
SAL000867,STRX000867,PRD0867,41,400,288,0,62,,,,,Online grocery dataset sales row; status=Discontinued; turnover=34,LOC002
SAL000868,STRX000868,PRD0868,47,250,180,0,66,,,,,Online grocery dataset sales row; status=Active; turnover=77,LOC003
SAL000869,STRX000869,PRD0869,58,500,360,0,3,,,,,Online grocery dataset sales row; status=Backordered; turnover=61,LOC004
SAL000870,STRX000870,PRD0870,48,250,180,0,81,,,,,Online grocery dataset sales row; status=Active; turnover=48,LOC005
SAL000871,STRX000871,PRD0871,62,2050,1476,0,34,,,,,Online grocery dataset sales row; status=Active; turnover=2,LOC001
SAL000872,STRX000872,PRD0872,83,230,165,0,20,,,,,Online grocery dataset sales row; status=Backordered; turnover=77,LOC002
SAL000873,STRX000873,PRD0873,76,900,648,0,71,,,,,Online grocery dataset sales row; status=Backordered; turnover=34,LOC003
SAL000874,STRX000874,PRD0874,68,20,14,0,30,,,,,Online grocery dataset sales row; status=Backordered; turnover=88,LOC004
SAL000875,STRX000875,PRD0875,92,275,198,0,53,,,,,Online grocery dataset sales row; status=Active; turnover=8,LOC005
SAL000876,STRX000876,PRD0876,61,200,144,0,87,,,,,Online grocery dataset sales row; status=Backordered; turnover=4,LOC001
SAL000877,STRX000877,PRD0877,56,950,684,0,56,,,,,Online grocery dataset sales row; status=Active; turnover=6,LOC002
SAL000878,STRX000878,PRD0878,31,1000,720,0,30,,,,,Online grocery dataset sales row; status=Active; turnover=26,LOC003
SAL000879,STRX000879,PRD0879,52,475,342,0,14,,,,,Online grocery dataset sales row; status=Active; turnover=75,LOC004
SAL000880,STRX000880,PRD0880,48,250,180,0,14,,,,,Online grocery dataset sales row; status=Discontinued; turnover=38,LOC005
SAL000881,STRX000881,PRD0881,32,250,180,0,32,,,,,Online grocery dataset sales row; status=Discontinued; turnover=49,LOC001
SAL000882,STRX000882,PRD0882,81,180,129,0,14,,,,,Online grocery dataset sales row; status=Active; turnover=77,LOC002
SAL000883,STRX000883,PRD0883,23,200,144,0,93,,,,,Online grocery dataset sales row; status=Discontinued; turnover=2,LOC003
SAL000884,STRX000884,PRD0884,66,1160,835,0,83,,,,,Online grocery dataset sales row; status=Active; turnover=77,LOC004
SAL000885,STRX000885,PRD0885,100,80,57,0,60,,,,,Online grocery dataset sales row; status=Active; turnover=42,LOC005
SAL000886,STRX000886,PRD0886,90,500,360,0,58,,,,,Online grocery dataset sales row; status=Active; turnover=67,LOC001
SAL000887,STRX000887,PRD0887,37,1000,720,0,55,,,,,Online grocery dataset sales row; status=Backordered; turnover=53,LOC002
SAL000888,STRX000888,PRD0888,51,975,702,0,82,,,,,Online grocery dataset sales row; status=Backordered; turnover=95,LOC003
SAL000889,STRX000889,PRD0889,55,210,151,0,61,,,,,Online grocery dataset sales row; status=Active; turnover=70,LOC004
SAL000890,STRX000890,PRD0890,72,600,432,0,7,,,,,Online grocery dataset sales row; status=Discontinued; turnover=16,LOC005
SAL000891,STRX000891,PRD0891,77,700,504,0,93,,,,,Online grocery dataset sales row; status=Discontinued; turnover=58,LOC001
SAL000892,STRX000892,PRD0892,49,1000,720,0,1,,,,,Online grocery dataset sales row; status=Active; turnover=15,LOC002
SAL000893,STRX000893,PRD0893,91,500,360,0,79,,,,,Online grocery dataset sales row; status=Discontinued; turnover=31,LOC003
SAL000894,STRX000894,PRD0894,53,650,468,0,36,,,,,Online grocery dataset sales row; status=Backordered; turnover=73,LOC004
SAL000895,STRX000895,PRD0895,41,500,360,0,98,,,,,Online grocery dataset sales row; status=Backordered; turnover=84,LOC005
SAL000896,STRX000896,PRD0896,29,900,648,0,99,,,,,Online grocery dataset sales row; status=Discontinued; turnover=54,LOC001
SAL000897,STRX000897,PRD0897,93,400,288,0,40,,,,,Online grocery dataset sales row; status=Active; turnover=48,LOC002
SAL000898,STRX000898,PRD0898,97,800,576,0,12,,,,,Online grocery dataset sales row; status=Active; turnover=92,LOC003
SAL000899,STRX000899,PRD0899,31,1200,864,0,56,,,,,Online grocery dataset sales row; status=Backordered; turnover=69,LOC004
SAL000900,STRX000900,PRD0900,51,650,468,0,20,,,,,Online grocery dataset sales row; status=Active; turnover=51,LOC005
SAL000901,STRX000901,PRD0901,92,2000,1440,0,42,,,,,Online grocery dataset sales row; status=Active; turnover=29,LOC001
SAL000902,STRX000902,PRD0902,93,475,342,0,44,,,,,Online grocery dataset sales row; status=Discontinued; turnover=19,LOC002
SAL000903,STRX000903,PRD0903,51,475,342,0,20,,,,,Online grocery dataset sales row; status=Backordered; turnover=23,LOC003
SAL000904,STRX000904,PRD0904,84,400,288,0,79,,,,,Online grocery dataset sales row; status=Backordered; turnover=62,LOC004
SAL000905,STRX000905,PRD0905,46,180,129,0,86,,,,,Online grocery dataset sales row; status=Discontinued; turnover=69,LOC005
SAL000906,STRX000906,PRD0906,75,2000,1440,0,43,,,,,Online grocery dataset sales row; status=Backordered; turnover=35,LOC001
SAL000907,STRX000907,PRD0907,34,500,360,0,91,,,,,Online grocery dataset sales row; status=Active; turnover=72,LOC002
SAL000908,STRX000908,PRD0908,96,1200,864,0,67,,,,,Online grocery dataset sales row; status=Discontinued; turnover=42,LOC003
SAL000909,STRX000909,PRD0909,89,180,129,0,94,,,,,Online grocery dataset sales row; status=Discontinued; turnover=100,LOC004
SAL000910,STRX000910,PRD0910,46,210,151,0,37,,,,,Online grocery dataset sales row; status=Active; turnover=46,LOC005
SAL000911,STRX000911,PRD0911,30,240,172,0,19,,,,,Online grocery dataset sales row; status=Active; turnover=49,LOC001
SAL000912,STRX000912,PRD0912,85,600,432,0,28,,,,,Online grocery dataset sales row; status=Backordered; turnover=6,LOC002
SAL000913,STRX000913,PRD0913,33,150,108,0,11,,,,,Online grocery dataset sales row; status=Discontinued; turnover=83,LOC003
SAL000914,STRX000914,PRD0914,85,600,432,0,78,,,,,Online grocery dataset sales row; status=Active; turnover=97,LOC004
SAL000915,STRX000915,PRD0915,52,275,198,0,100,,,,,Online grocery dataset sales row; status=Backordered; turnover=91,LOC005
SAL000916,STRX000916,PRD0916,39,470,338,0,88,,,,,Online grocery dataset sales row; status=Active; turnover=62,LOC001
SAL000917,STRX000917,PRD0917,36,200,144,0,70,,,,,Online grocery dataset sales row; status=Discontinued; turnover=10,LOC002
SAL000918,STRX000918,PRD0918,100,1200,864,0,100,,,,,Online grocery dataset sales row; status=Backordered; turnover=28,LOC003
SAL000919,STRX000919,PRD0919,35,250,180,0,56,,,,,Online grocery dataset sales row; status=Backordered; turnover=16,LOC004
SAL000920,STRX000920,PRD0920,83,550,396,0,22,,,,,Online grocery dataset sales row; status=Discontinued; turnover=25,LOC005
SAL000921,STRX000921,PRD0921,98,200,144,0,60,,,,,Online grocery dataset sales row; status=Active; turnover=13,LOC001
SAL000922,STRX000922,PRD0922,55,200,144,0,66,,,,,Online grocery dataset sales row; status=Backordered; turnover=74,LOC002
SAL000923,STRX000923,PRD0923,82,500,360,0,19,,,,,Online grocery dataset sales row; status=Discontinued; turnover=56,LOC003
SAL000924,STRX000924,PRD0924,34,900,648,0,91,,,,,Online grocery dataset sales row; status=Active; turnover=76,LOC004
SAL000925,STRX000925,PRD0925,95,100,72,0,92,,,,,Online grocery dataset sales row; status=Backordered; turnover=26,LOC005
SAL000926,STRX000926,PRD0926,50,500,360,0,69,,,,,Online grocery dataset sales row; status=Active; turnover=67,LOC001
SAL000927,STRX000927,PRD0927,21,400,288,0,15,,,,,Online grocery dataset sales row; status=Discontinued; turnover=29,LOC002
SAL000928,STRX000928,PRD0928,72,600,432,0,24,,,,,Online grocery dataset sales row; status=Backordered; turnover=88,LOC003
SAL000929,STRX000929,PRD0929,49,250,180,0,6,,,,,Online grocery dataset sales row; status=Active; turnover=77,LOC004
SAL000930,STRX000930,PRD0930,22,250,180,0,30,,,,,Online grocery dataset sales row; status=Active; turnover=81,LOC005
SAL000931,STRX000931,PRD0931,58,700,504,0,1,,,,,Online grocery dataset sales row; status=Active; turnover=61,LOC001
SAL000932,STRX000932,PRD0932,81,1000,720,0,51,,,,,Online grocery dataset sales row; status=Active; turnover=18,LOC002
SAL000933,STRX000933,PRD0933,98,250,180,0,24,,,,,Online grocery dataset sales row; status=Active; turnover=38,LOC003
SAL000934,STRX000934,PRD0934,63,350,252,0,58,,,,,Online grocery dataset sales row; status=Discontinued; turnover=28,LOC004
SAL000935,STRX000935,PRD0935,39,200,144,0,48,,,,,Online grocery dataset sales row; status=Active; turnover=57,LOC005
SAL000936,STRX000936,PRD0936,78,250,180,0,1,,,,,Online grocery dataset sales row; status=Discontinued; turnover=36,LOC001
SAL000937,STRX000937,PRD0937,92,625,450,0,23,,,,,Online grocery dataset sales row; status=Active; turnover=78,LOC002
SAL000938,STRX000938,PRD0938,36,475,342,0,39,,,,,Online grocery dataset sales row; status=Active; turnover=54,LOC003
SAL000939,STRX000939,PRD0939,44,250,180,0,67,,,,,Online grocery dataset sales row; status=Discontinued; turnover=72,LOC004
SAL000940,STRX000940,PRD0940,45,350,252,0,37,,,,,Online grocery dataset sales row; status=Backordered; turnover=88,LOC005
SAL000941,STRX000941,PRD0941,74,200,144,0,28,,,,,Online grocery dataset sales row; status=Active; turnover=50,LOC001
SAL000942,STRX000942,PRD0942,20,145,104,0,2,,,,,Online grocery dataset sales row; status=Backordered; turnover=70,LOC002
SAL000943,STRX000943,PRD0943,67,250,180,0,88,,,,,Online grocery dataset sales row; status=Backordered; turnover=94,LOC003
SAL000944,STRX000944,PRD0944,58,200,144,0,54,,,,,Online grocery dataset sales row; status=Backordered; turnover=63,LOC004
SAL000945,STRX000945,PRD0945,74,180,129,0,63,,,,,Online grocery dataset sales row; status=Active; turnover=31,LOC005
SAL000946,STRX000946,PRD0946,69,1200,864,0,54,,,,,Online grocery dataset sales row; status=Backordered; turnover=79,LOC001
SAL000947,STRX000947,PRD0947,38,450,324,0,96,,,,,Online grocery dataset sales row; status=Discontinued; turnover=96,LOC002
SAL000948,STRX000948,PRD0948,28,250,180,0,40,,,,,Online grocery dataset sales row; status=Active; turnover=98,LOC003
SAL000949,STRX000949,PRD0949,44,450,324,0,18,,,,,Online grocery dataset sales row; status=Discontinued; turnover=49,LOC004
SAL000950,STRX000950,PRD0950,82,230,165,0,32,,,,,Online grocery dataset sales row; status=Active; turnover=98,LOC005
SAL000951,STRX000951,PRD0951,85,400,288,0,78,,,,,Online grocery dataset sales row; status=Discontinued; turnover=30,LOC001
SAL000952,STRX000952,PRD0952,41,250,180,0,91,,,,,Online grocery dataset sales row; status=Discontinued; turnover=77,LOC002
SAL000953,STRX000953,PRD0953,41,350,252,0,92,,,,,Online grocery dataset sales row; status=Active; turnover=61,LOC003
SAL000954,STRX000954,PRD0954,79,400,288,0,25,,,,,Online grocery dataset sales row; status=Active; turnover=30,LOC004
SAL000955,STRX000955,PRD0955,48,500,360,0,39,,,,,Online grocery dataset sales row; status=Active; turnover=18,LOC005
SAL000956,STRX000956,PRD0956,22,1800,1296,0,24,,,,,Online grocery dataset sales row; status=Active; turnover=34,LOC001
SAL000957,STRX000957,PRD0957,31,252,181,0,17,,,,,Online grocery dataset sales row; status=Active; turnover=29,LOC002
SAL000958,STRX000958,PRD0958,26,150,108,0,81,,,,,Online grocery dataset sales row; status=Discontinued; turnover=76,LOC003
SAL000959,STRX000959,PRD0959,97,200,144,0,1,,,,,Online grocery dataset sales row; status=Active; turnover=95,LOC004
SAL000960,STRX000960,PRD0960,61,250,180,0,1,,,,,Online grocery dataset sales row; status=Discontinued; turnover=84,LOC005
SAL000961,STRX000961,PRD0961,56,325,234,0,55,,,,,Online grocery dataset sales row; status=Backordered; turnover=72,LOC001
SAL000962,STRX000962,PRD0962,37,445,320,0,13,,,,,Online grocery dataset sales row; status=Backordered; turnover=4,LOC002
SAL000963,STRX000963,PRD0963,23,400,288,0,39,,,,,Online grocery dataset sales row; status=Backordered; turnover=85,LOC003
SAL000964,STRX000964,PRD0964,67,20,14,0,62,,,,,Online grocery dataset sales row; status=Active; turnover=17,LOC004
SAL000965,STRX000965,PRD0965,43,120,86,0,69,,,,,Online grocery dataset sales row; status=Active; turnover=96,LOC005
SAL000966,STRX000966,PRD0966,97,200,144,0,4,,,,,Online grocery dataset sales row; status=Backordered; turnover=24,LOC001
SAL000967,STRX000967,PRD0967,68,300,216,0,77,,,,,Online grocery dataset sales row; status=Active; turnover=46,LOC002
SAL000968,STRX000968,PRD0968,94,20,14,0,35,,,,,Online grocery dataset sales row; status=Discontinued; turnover=68,LOC003
SAL000969,STRX000969,PRD0969,69,1000,720,0,91,,,,,Online grocery dataset sales row; status=Discontinued; turnover=80,LOC004
SAL000970,STRX000970,PRD0970,66,350,252,0,46,,,,,Online grocery dataset sales row; status=Discontinued; turnover=84,LOC005
SAL000971,STRX000971,PRD0971,70,400,288,0,56,,,,,Online grocery dataset sales row; status=Discontinued; turnover=39,LOC001
SAL000972,STRX000972,PRD0972,86,300,216,0,52,,,,,Online grocery dataset sales row; status=Backordered; turnover=70,LOC002
SAL000973,STRX000973,PRD0973,30,900,648,0,77,,,,,Online grocery dataset sales row; status=Active; turnover=84,LOC003
SAL000974,STRX000974,PRD0974,71,2000,1440,0,67,,,,,Online grocery dataset sales row; status=Discontinued; turnover=94,LOC004
SAL000975,STRX000975,PRD0975,52,200,144,0,82,,,,,Online grocery dataset sales row; status=Discontinued; turnover=47,LOC005
SAL000976,STRX000976,PRD0976,22,300,216,0,52,,,,,Online grocery dataset sales row; status=Backordered; turnover=90,LOC001
SAL000977,STRX000977,PRD0977,25,800,576,0,66,,,,,Online grocery dataset sales row; status=Discontinued; turnover=52,LOC002
SAL000978,STRX000978,PRD0978,100,190,136,0,75,,,,,Online grocery dataset sales row; status=Backordered; turnover=84,LOC003
SAL000979,STRX000979,PRD0979,99,1000,720,0,89,,,,,Online grocery dataset sales row; status=Discontinued; turnover=1,LOC004
SAL000980,STRX000980,PRD0980,85,700,504,0,61,,,,,Online grocery dataset sales row; status=Backordered; turnover=79,LOC005
SAL000981,STRX000981,PRD0981,31,475,342,0,36,,,,,Online grocery dataset sales row; status=Discontinued; turnover=25,LOC001
SAL000982,STRX000982,PRD0982,60,450,324,0,60,,,,,Online grocery dataset sales row; status=Discontinued; turnover=63,LOC002
SAL000983,STRX000983,PRD0983,35,1200,864,0,67,,,,,Online grocery dataset sales row; status=Discontinued; turnover=24,LOC003
SAL000984,STRX000984,PRD0984,95,240,172,0,34,,,,,Online grocery dataset sales row; status=Active; turnover=63,LOC004
SAL000985,STRX000985,PRD0985,54,450,324,0,30,,,,,Online grocery dataset sales row; status=Active; turnover=29,LOC005
SAL000986,STRX000986,PRD0986,58,250,180,0,78,,,,,Online grocery dataset sales row; status=Active; turnover=21,LOC001
SAL000987,STRX000987,PRD0987,95,900,648,0,9,,,,,Online grocery dataset sales row; status=Active; turnover=63,LOC002
SAL000988,STRX000988,PRD0988,98,90,64,0,90,,,,,Online grocery dataset sales row; status=Active; turnover=71,LOC003
SAL000989,STRX000989,PRD0989,22,1000,720,0,48,,,,,Online grocery dataset sales row; status=Active; turnover=78,LOC004
SAL000990,STRX000990,PRD0990,91,450,324,0,28,,,,,Online grocery dataset sales row; status=Discontinued; turnover=73,LOC005
